edr,edr_chave,oeste,sul,leste,norte,cafe_ha
Araraquara,ARARAQUARA,-48.500935924224386,-21.620637815838194,-48.450809931370515,-21.570511822984326,84.3
Araraquara,ARARAQUARA,-48.500935924224386,-21.670763808692065,-48.450809931370515,-21.620637815838194,94.1
Araraquara,ARARAQUARA,-48.40068393851664,-21.821141787253673,-48.35055794566278,-21.771015794399805,93.5
Araraquara,ARARAQUARA,-47.74904603141634,-22.02164575866915,-47.69892003856248,-21.97151976581528,34.3
Araraquara,ARARAQUARA,-47.79917202427021,-22.07177175152302,-47.74904603141634,-22.02164575866915,30.1
Araçatuba,ARACATUBA,-50.021991430285695,-21.281386184922212,-49.97186543743182,-21.231260192068344,139.6
Assis,ASSIS,-50.63151847943784,-22.47089357499037,-50.58139248658397,-22.420767582136502,78.7
Assis,ASSIS,-50.58139248658397,-22.47089357499037,-50.5312664937301,-22.420767582136502,62.9
Assis,ASSIS,-50.230510536606886,-22.47089357499037,-50.180384543753014,-22.420767582136502,57.5
Assis,ASSIS,-50.63151847943784,-22.52101956784424,-50.58139248658397,-22.47089357499037,35.3
Assis,ASSIS,-50.38088851516849,-22.52101956784424,-50.33076252231462,-22.47089357499037,50.7
Assis,ASSIS,-50.28063652946075,-22.52101956784424,-50.230510536606886,-22.47089357499037,56.9
Assis,ASSIS,-50.230510536606886,-22.52101956784424,-50.180384543753014,-22.47089357499037,34.8
Assis,ASSIS,-50.180384543753014,-22.52101956784424,-50.13025855089914,-22.47089357499037,74.5
Assis,ASSIS,-50.13025855089914,-22.52101956784424,-50.08013255804528,-22.47089357499037,46.0
Assis,ASSIS,-50.43101450802236,-22.57114556069811,-50.38088851516849,-22.52101956784424,38.4
Assis,ASSIS,-50.33076252231462,-22.57114556069811,-50.28063652946075,-22.52101956784424,110.4
Assis,ASSIS,-50.28063652946075,-22.57114556069811,-50.230510536606886,-22.52101956784424,62.4
Assis,ASSIS,-50.230510536606886,-22.57114556069811,-50.180384543753014,-22.52101956784424,65.9
Assis,ASSIS,-50.180384543753014,-22.57114556069811,-50.13025855089914,-22.52101956784424,158.0
Assis,ASSIS,-50.48114050087623,-22.621271553551978,-50.43101450802236,-22.57114556069811,122.2
Assis,ASSIS,-50.43101450802236,-22.621271553551978,-50.38088851516849,-22.57114556069811,145.3
Assis,ASSIS,-50.38088851516849,-22.621271553551978,-50.33076252231462,-22.57114556069811,81.2
Assis,ASSIS,-50.33076252231462,-22.621271553551978,-50.28063652946075,-22.57114556069811,62.1
Assis,ASSIS,-50.28063652946075,-22.621271553551978,-50.230510536606886,-22.57114556069811,38.0
Assis,ASSIS,-50.230510536606886,-22.621271553551978,-50.180384543753014,-22.57114556069811,108.3
Assis,ASSIS,-50.180384543753014,-22.621271553551978,-50.13025855089914,-22.57114556069811,41.8
Assis,ASSIS,-50.48114050087623,-22.67139754640585,-50.43101450802236,-22.621271553551978,40.9
Assis,ASSIS,-50.43101450802236,-22.67139754640585,-50.38088851516849,-22.621271553551978,38.0
Assis,ASSIS,-50.38088851516849,-22.67139754640585,-50.33076252231462,-22.621271553551978,66.0
Avaré,AVARE,-49.379164414235234,-22.816673357517608,-49.32903842138136,-22.76654736466374,83.9
Avaré,AVARE,-49.12853444996588,-22.816673357517608,-49.07840845711201,-22.76654736466374,62.7
Avaré,AVARE,-49.07840845711201,-22.816673357517608,-49.02828246425815,-22.76654736466374,32.9
Avaré,AVARE,-49.379164414235234,-22.866799350371476,-49.32903842138136,-22.816673357517608,170.8
Avaré,AVARE,-49.12853444996588,-22.866799350371476,-49.07840845711201,-22.816673357517608,112.9
Avaré,AVARE,-49.07840845711201,-22.866799350371476,-49.02828246425815,-22.816673357517608,33.1
Avaré,AVARE,-49.02828246425815,-22.866799350371476,-48.978156471404276,-22.816673357517608,73.4
Avaré,AVARE,-49.02828246425815,-22.916925343225348,-48.978156471404276,-22.866799350371476,64.8
Avaré,AVARE,-48.978156471404276,-22.916925343225348,-48.928030478550404,-22.866799350371476,128.5
Avaré,AVARE,-49.27891242852749,-22.967051336079216,-49.228786435673626,-22.916925343225348,40.7
Avaré,AVARE,-49.02828246425815,-22.967051336079216,-48.978156471404276,-22.916925343225348,34.2
Avaré,AVARE,-49.12853444996588,-23.017177328933087,-49.07840845711201,-22.967051336079216,41.1
Avaré,AVARE,-49.07840845711201,-23.017177328933087,-49.02828246425815,-22.967051336079216,30.9
Avaré,AVARE,-48.82777849284267,-23.017177328933087,-48.7776524999888,-22.967051336079216,60.7
Avaré,AVARE,-49.379164414235234,-23.067303321786955,-49.32903842138136,-23.017177328933087,120.0
Avaré,AVARE,-49.32903842138136,-23.067303321786955,-49.27891242852749,-23.017177328933087,176.1
Avaré,AVARE,-49.27891242852749,-23.067303321786955,-49.228786435673626,-23.017177328933087,89.4
Avaré,AVARE,-49.12853444996588,-23.067303321786955,-49.07840845711201,-23.017177328933087,117.0
Avaré,AVARE,-49.07840845711201,-23.067303321786955,-49.02828246425815,-23.017177328933087,64.6
Avaré,AVARE,-49.02828246425815,-23.067303321786955,-48.978156471404276,-23.017177328933087,256.6
Avaré,AVARE,-48.978156471404276,-23.067303321786955,-48.928030478550404,-23.017177328933087,65.1
Avaré,AVARE,-48.87790448569654,-23.067303321786955,-48.82777849284267,-23.017177328933087,84.9
Avaré,AVARE,-49.27891242852749,-23.117429314640823,-49.228786435673626,-23.067303321786955,94.7
Avaré,AVARE,-49.12853444996588,-23.117429314640823,-49.07840845711201,-23.067303321786955,167.6
Avaré,AVARE,-49.07840845711201,-23.117429314640823,-49.02828246425815,-23.067303321786955,95.1
Avaré,AVARE,-49.02828246425815,-23.117429314640823,-48.978156471404276,-23.067303321786955,35.6
Avaré,AVARE,-49.178660442819755,-23.167555307494695,-49.12853444996588,-23.117429314640823,46.1
Avaré,AVARE,-49.12853444996588,-23.167555307494695,-49.07840845711201,-23.117429314640823,67.2
Avaré,AVARE,-49.02828246425815,-23.167555307494695,-48.978156471404276,-23.117429314640823,279.2
Avaré,AVARE,-48.7776524999888,-23.167555307494695,-48.72752650713493,-23.117429314640823,118.8
Avaré,AVARE,-49.12853444996588,-23.217681300348563,-49.07840845711201,-23.167555307494695,30.5
Avaré,AVARE,-49.12853444996588,-23.26780729320243,-49.07840845711201,-23.217681300348563,104.3
Avaré,AVARE,-49.228786435673626,-23.36805927891017,-49.178660442819755,-23.317933286056302,39.1
Avaré,AVARE,-49.178660442819755,-23.36805927891017,-49.12853444996588,-23.317933286056302,129.8
Avaré,AVARE,-49.12853444996588,-23.36805927891017,-49.07840845711201,-23.317933286056302,180.1
Avaré,AVARE,-48.928030478550404,-23.36805927891017,-48.87790448569654,-23.317933286056302,36.9
Avaré,AVARE,-49.379164414235234,-23.46831126461791,-49.32903842138136,-23.41818527176404,186.7
Avaré,AVARE,-49.32903842138136,-23.46831126461791,-49.27891242852749,-23.41818527176404,173.1
Avaré,AVARE,-48.928030478550404,-23.46831126461791,-48.87790448569654,-23.41818527176404,53.1
Avaré,AVARE,-49.4292904070891,-23.56856325032565,-49.379164414235234,-23.518437257471778,59.5
Avaré,AVARE,-49.379164414235234,-23.56856325032565,-49.32903842138136,-23.518437257471778,57.6
Avaré,AVARE,-49.32903842138136,-23.56856325032565,-49.27891242852749,-23.518437257471778,118.3
Avaré,AVARE,-48.928030478550404,-23.56856325032565,-48.87790448569654,-23.518437257471778,46.5
Avaré,AVARE,-49.07840845711201,-23.668815236033385,-49.02828246425815,-23.618689243179517,33.7
Barretos,BARRETOS,-48.86862521221029,-20.67714871194305,-48.818499219356426,-20.627022719089183,82.1
Barretos,BARRETOS,-48.818499219356426,-20.67714871194305,-48.768373226502554,-20.627022719089183,38.3
Barretos,BARRETOS,-48.96887719791803,-20.77740069765079,-48.91875120506416,-20.72727470479692,54.9
Bauru,BAURU,-49.22112587783074,-21.995878729465232,-49.17099988497687,-21.94575273661136,73.9
Bauru,BAURU,-49.27125187068461,-22.0460047223191,-49.22112587783074,-21.995878729465232,98.2
Bauru,BAURU,-49.22112587783074,-22.0460047223191,-49.17099988497687,-21.995878729465232,246.9
Bauru,BAURU,-49.17099988497687,-22.0460047223191,-49.120873892123,-21.995878729465232,86.1
Bauru,BAURU,-49.22112587783074,-22.09613071517297,-49.17099988497687,-22.0460047223191,104.0
Bauru,BAURU,-49.37150385639235,-22.14625670802684,-49.32137786353848,-22.09613071517297,123.9
Bauru,BAURU,-49.17099988497687,-22.14625670802684,-49.120873892123,-22.09613071517297,50.6
Bauru,BAURU,-48.97049591356139,-22.14625670802684,-48.92036992070752,-22.09613071517297,81.6
Bauru,BAURU,-48.92036992070752,-22.14625670802684,-48.87024392785366,-22.09613071517297,40.3
Bauru,BAURU,-49.17099988497687,-22.246508693734576,-49.120873892123,-22.196382700880708,40.7
Bauru,BAURU,-49.47175584210009,-22.346760679442315,-49.421629849246216,-22.296634686588447,30.4
Bauru,BAURU,-49.57200782780782,-22.447012665150055,-49.52188183495396,-22.396886672296187,43.5
Bauru,BAURU,-49.421629849246216,-22.447012665150055,-49.37150385639235,-22.396886672296187,33.9
Bauru,BAURU,-49.020621906415265,-22.447012665150055,-48.97049591356139,-22.396886672296187,36.3
Bauru,BAURU,-49.7725117992233,-22.497138658003923,-49.72238580636943,-22.447012665150055,44.2
Bauru,BAURU,-49.57200782780782,-22.497138658003923,-49.52188183495396,-22.447012665150055,63.1
Bauru,BAURU,-49.37150385639235,-22.497138658003923,-49.32137786353848,-22.447012665150055,47.5
Bauru,BAURU,-49.17099988497687,-22.497138658003923,-49.120873892123,-22.447012665150055,71.6
Bauru,BAURU,-49.120873892123,-22.497138658003923,-49.07074789926913,-22.447012665150055,65.1
Bauru,BAURU,-49.07074789926913,-22.497138658003923,-49.020621906415265,-22.447012665150055,56.1
Bauru,BAURU,-49.47175584210009,-22.547264650857795,-49.421629849246216,-22.497138658003923,49.0
Bauru,BAURU,-49.72238580636943,-22.597390643711663,-49.672259813515566,-22.547264650857795,43.7
Bauru,BAURU,-49.622133820661695,-22.597390643711663,-49.57200782780782,-22.547264650857795,46.2
Bauru,BAURU,-49.47175584210009,-22.597390643711663,-49.421629849246216,-22.547264650857795,38.8
Bauru,BAURU,-49.32137786353848,-22.597390643711663,-49.27125187068461,-22.547264650857795,51.3
Bauru,BAURU,-49.32137786353848,-22.74776862227327,-49.27125187068461,-22.697642629419402,47.2
Bauru,BAURU,-49.07074789926913,-22.74776862227327,-49.020621906415265,-22.697642629419402,59.2
Botucatu,BOTUCATU,-48.70181433170731,-22.732734402524812,-48.65168833885344,-22.682608409670944,40.7
Botucatu,BOTUCATU,-48.70181433170731,-22.782860395378684,-48.65168833885344,-22.732734402524812,36.1
Botucatu,BOTUCATU,-48.65168833885344,-22.782860395378684,-48.601562345999575,-22.732734402524812,42.7
Botucatu,BOTUCATU,-48.70181433170731,-22.832986388232552,-48.65168833885344,-22.782860395378684,67.2
Botucatu,BOTUCATU,-48.65168833885344,-22.832986388232552,-48.601562345999575,-22.782860395378684,38.7
Botucatu,BOTUCATU,-48.70181433170731,-22.883112381086423,-48.65168833885344,-22.832986388232552,58.9
Botucatu,BOTUCATU,-48.65168833885344,-22.883112381086423,-48.601562345999575,-22.832986388232552,84.0
Botucatu,BOTUCATU,-48.75194032456118,-22.93323837394029,-48.70181433170731,-22.883112381086423,32.3
Botucatu,BOTUCATU,-48.70181433170731,-22.93323837394029,-48.65168833885344,-22.883112381086423,189.5
Botucatu,BOTUCATU,-48.75194032456118,-22.98336436679416,-48.70181433170731,-22.93323837394029,35.5
Botucatu,BOTUCATU,-48.70181433170731,-22.98336436679416,-48.65168833885344,-22.93323837394029,41.9
Botucatu,BOTUCATU,-48.75194032456118,-23.133742345355767,-48.70181433170731,-23.0836163525019,35.0
Botucatu,BOTUCATU,-48.401058374584096,-23.133742345355767,-48.350932381730225,-23.0836163525019,32.5
Botucatu,BOTUCATU,-48.75194032456118,-23.18386833820964,-48.70181433170731,-23.133742345355767,31.2
Bragança Paulista,BRAGANCA PAULISTA,-46.756943959216876,-22.585844905444016,-46.70681796636301,-22.53571891259015,60.3
Bragança Paulista,BRAGANCA PAULISTA,-46.70681796636301,-22.585844905444016,-46.65669197350914,-22.53571891259015,53.7
Bragança Paulista,BRAGANCA PAULISTA,-46.65669197350914,-22.585844905444016,-46.60656598065527,-22.53571891259015,63.8
Bragança Paulista,BRAGANCA PAULISTA,-46.50631399494753,-22.585844905444016,-46.45618800209366,-22.53571891259015,34.7
Bragança Paulista,BRAGANCA PAULISTA,-46.45618800209366,-22.585844905444016,-46.40606200923979,-22.53571891259015,51.8
Bragança Paulista,BRAGANCA PAULISTA,-46.80706995207075,-22.635970898297884,-46.756943959216876,-22.585844905444016,30.5
Bragança Paulista,BRAGANCA PAULISTA,-46.756943959216876,-22.635970898297884,-46.70681796636301,-22.585844905444016,53.9
Bragança Paulista,BRAGANCA PAULISTA,-46.70681796636301,-22.635970898297884,-46.65669197350914,-22.585844905444016,204.9
Bragança Paulista,BRAGANCA PAULISTA,-46.65669197350914,-22.635970898297884,-46.60656598065527,-22.585844905444016,124.0
Bragança Paulista,BRAGANCA PAULISTA,-46.756943959216876,-22.686096891151756,-46.70681796636301,-22.635970898297884,38.4
Bragança Paulista,BRAGANCA PAULISTA,-46.70681796636301,-22.686096891151756,-46.65669197350914,-22.635970898297884,43.0
Bragança Paulista,BRAGANCA PAULISTA,-46.65669197350914,-22.686096891151756,-46.60656598065527,-22.635970898297884,154.0
Bragança Paulista,BRAGANCA PAULISTA,-46.60656598065527,-22.686096891151756,-46.556439987801404,-22.635970898297884,74.1
Bragança Paulista,BRAGANCA PAULISTA,-46.25568403067818,-22.936726855421103,-46.20555803782432,-22.88660086256723,30.8
Bragança Paulista,BRAGANCA PAULISTA,-46.155432044970446,-22.98685284827497,-46.105306052116575,-22.936726855421103,32.8
Catanduva,CATANDUVA,-49.223393870717366,-20.932984379358455,-49.173267877863495,-20.882858386504587,96.8
Catanduva,CATANDUVA,-49.12314188500962,-20.932984379358455,-49.07301589215575,-20.882858386504587,80.9
Catanduva,CATANDUVA,-49.07301589215575,-20.932984379358455,-49.02288989930189,-20.882858386504587,58.0
Catanduva,CATANDUVA,-49.12314188500962,-20.983110372212323,-49.07301589215575,-20.932984379358455,99.8
Catanduva,CATANDUVA,-49.07301589215575,-20.983110372212323,-49.02288989930189,-20.932984379358455,215.1
Catanduva,CATANDUVA,-49.02288989930189,-20.983110372212323,-48.972763906448016,-20.932984379358455,75.5
Catanduva,CATANDUVA,-49.12314188500962,-21.083362357920063,-49.07301589215575,-21.033236365066195,44.7
Catanduva,CATANDUVA,-49.27351986357123,-21.133488350773934,-49.223393870717366,-21.083362357920063,53.0
Catanduva,CATANDUVA,-48.82238592788641,-21.133488350773934,-48.77225993503254,-21.083362357920063,69.9
Catanduva,CATANDUVA,-49.373771849278974,-21.23374033648167,-49.3236458564251,-21.183614343627802,61.9
Catanduva,CATANDUVA,-49.373771849278974,-21.28386632933554,-49.3236458564251,-21.23374033648167,75.5
Catanduva,CATANDUVA,-49.42389784213284,-21.484370300751017,-49.373771849278974,-21.43424430789715,37.6
Catanduva,CATANDUVA,-49.223393870717366,-21.484370300751017,-49.173267877863495,-21.43424430789715,42.3
Franca,FRANCA,-47.53617706126488,-20.11160627770142,-47.48605106841101,-20.06148028484755,73.3
Franca,FRANCA,-47.48605106841101,-20.11160627770142,-47.43592507555714,-20.06148028484755,112.1
Franca,FRANCA,-47.586303054118744,-20.161732270555287,-47.53617706126488,-20.11160627770142,71.4
Franca,FRANCA,-47.53617706126488,-20.161732270555287,-47.48605106841101,-20.11160627770142,55.4
Franca,FRANCA,-47.48605106841101,-20.161732270555287,-47.43592507555714,-20.11160627770142,90.9
Franca,FRANCA,-47.636429046972616,-20.21185826340916,-47.586303054118744,-20.161732270555287,59.5
Franca,FRANCA,-47.586303054118744,-20.21185826340916,-47.53617706126488,-20.161732270555287,232.0
Franca,FRANCA,-47.53617706126488,-20.21185826340916,-47.48605106841101,-20.161732270555287,185.9
Franca,FRANCA,-47.48605106841101,-20.21185826340916,-47.43592507555714,-20.161732270555287,534.8
Franca,FRANCA,-47.43592507555714,-20.21185826340916,-47.38579908270327,-20.161732270555287,325.3
Franca,FRANCA,-47.38579908270327,-20.21185826340916,-47.3356730898494,-20.161732270555287,132.2
Franca,FRANCA,-47.3356730898494,-20.21185826340916,-47.28554709699553,-20.161732270555287,46.7
Franca,FRANCA,-47.28554709699553,-20.21185826340916,-47.23542110414166,-20.161732270555287,43.0
Franca,FRANCA,-47.636429046972616,-20.261984256263027,-47.586303054118744,-20.21185826340916,34.5
Franca,FRANCA,-47.586303054118744,-20.261984256263027,-47.53617706126488,-20.21185826340916,412.9
Franca,FRANCA,-47.53617706126488,-20.261984256263027,-47.48605106841101,-20.21185826340916,466.3
Franca,FRANCA,-47.48605106841101,-20.261984256263027,-47.43592507555714,-20.21185826340916,508.5
Franca,FRANCA,-47.43592507555714,-20.261984256263027,-47.38579908270327,-20.21185826340916,698.5
Franca,FRANCA,-47.38579908270327,-20.261984256263027,-47.3356730898494,-20.21185826340916,557.2
Franca,FRANCA,-47.3356730898494,-20.261984256263027,-47.28554709699553,-20.21185826340916,102.0
Franca,FRANCA,-47.636429046972616,-20.3121102491169,-47.586303054118744,-20.261984256263027,97.6
Franca,FRANCA,-47.586303054118744,-20.3121102491169,-47.53617706126488,-20.261984256263027,281.2
Franca,FRANCA,-47.53617706126488,-20.3121102491169,-47.48605106841101,-20.261984256263027,525.9
Franca,FRANCA,-47.48605106841101,-20.3121102491169,-47.43592507555714,-20.261984256263027,655.6
Franca,FRANCA,-47.43592507555714,-20.3121102491169,-47.38579908270327,-20.261984256263027,414.5
Franca,FRANCA,-47.38579908270327,-20.3121102491169,-47.3356730898494,-20.261984256263027,292.4
Franca,FRANCA,-47.3356730898494,-20.3121102491169,-47.28554709699553,-20.261984256263027,197.8
Franca,FRANCA,-47.28554709699553,-20.3121102491169,-47.23542110414166,-20.261984256263027,57.7
Franca,FRANCA,-47.636429046972616,-20.362236241970766,-47.586303054118744,-20.3121102491169,81.1
Franca,FRANCA,-47.586303054118744,-20.362236241970766,-47.53617706126488,-20.3121102491169,661.1
Franca,FRANCA,-47.53617706126488,-20.362236241970766,-47.48605106841101,-20.3121102491169,972.4
Franca,FRANCA,-47.48605106841101,-20.362236241970766,-47.43592507555714,-20.3121102491169,506.5
Franca,FRANCA,-47.43592507555714,-20.362236241970766,-47.38579908270327,-20.3121102491169,326.1
Franca,FRANCA,-47.38579908270327,-20.362236241970766,-47.3356730898494,-20.3121102491169,47.8
Franca,FRANCA,-47.3356730898494,-20.362236241970766,-47.28554709699553,-20.3121102491169,44.0
Franca,FRANCA,-47.586303054118744,-20.412362234824634,-47.53617706126488,-20.362236241970766,375.3
Franca,FRANCA,-47.53617706126488,-20.412362234824634,-47.48605106841101,-20.362236241970766,691.5
Franca,FRANCA,-47.48605106841101,-20.412362234824634,-47.43592507555714,-20.362236241970766,871.8
Franca,FRANCA,-47.43592507555714,-20.412362234824634,-47.38579908270327,-20.362236241970766,457.2
Franca,FRANCA,-47.38579908270327,-20.412362234824634,-47.3356730898494,-20.362236241970766,154.6
Franca,FRANCA,-47.636429046972616,-20.462488227678506,-47.586303054118744,-20.412362234824634,225.8
Franca,FRANCA,-47.586303054118744,-20.462488227678506,-47.53617706126488,-20.412362234824634,828.4
Franca,FRANCA,-47.53617706126488,-20.462488227678506,-47.48605106841101,-20.412362234824634,884.7
Franca,FRANCA,-47.48605106841101,-20.462488227678506,-47.43592507555714,-20.412362234824634,925.8
Franca,FRANCA,-47.43592507555714,-20.462488227678506,-47.38579908270327,-20.412362234824634,558.4
Franca,FRANCA,-47.38579908270327,-20.462488227678506,-47.3356730898494,-20.412362234824634,385.3
Franca,FRANCA,-47.636429046972616,-20.512614220532374,-47.586303054118744,-20.462488227678506,303.6
Franca,FRANCA,-47.586303054118744,-20.512614220532374,-47.53617706126488,-20.462488227678506,778.6
Franca,FRANCA,-47.53617706126488,-20.512614220532374,-47.48605106841101,-20.462488227678506,916.3
Franca,FRANCA,-47.48605106841101,-20.512614220532374,-47.43592507555714,-20.462488227678506,605.1
Franca,FRANCA,-47.43592507555714,-20.512614220532374,-47.38579908270327,-20.462488227678506,103.0
Franca,FRANCA,-47.38579908270327,-20.512614220532374,-47.3356730898494,-20.462488227678506,325.8
Franca,FRANCA,-47.3356730898494,-20.512614220532374,-47.28554709699553,-20.462488227678506,103.2
Franca,FRANCA,-47.28554709699553,-20.512614220532374,-47.23542110414166,-20.462488227678506,181.1
Franca,FRANCA,-47.23542110414166,-20.512614220532374,-47.18529511128779,-20.462488227678506,63.1
Franca,FRANCA,-47.586303054118744,-20.562740213386242,-47.53617706126488,-20.512614220532374,233.8
Franca,FRANCA,-47.53617706126488,-20.562740213386242,-47.48605106841101,-20.512614220532374,396.5
Franca,FRANCA,-47.48605106841101,-20.562740213386242,-47.43592507555714,-20.512614220532374,84.6
Franca,FRANCA,-47.38579908270327,-20.562740213386242,-47.3356730898494,-20.512614220532374,32.5
Franca,FRANCA,-47.3356730898494,-20.562740213386242,-47.28554709699553,-20.512614220532374,388.4
Franca,FRANCA,-47.28554709699553,-20.562740213386242,-47.23542110414166,-20.512614220532374,378.5
Franca,FRANCA,-47.23542110414166,-20.562740213386242,-47.18529511128779,-20.512614220532374,328.4
Franca,FRANCA,-47.18529511128779,-20.562740213386242,-47.13516911843392,-20.512614220532374,198.4
Franca,FRANCA,-47.586303054118744,-20.612866206240113,-47.53617706126488,-20.562740213386242,168.2
Franca,FRANCA,-47.53617706126488,-20.612866206240113,-47.48605106841101,-20.562740213386242,159.6
Franca,FRANCA,-47.48605106841101,-20.612866206240113,-47.43592507555714,-20.562740213386242,127.1
Franca,FRANCA,-47.43592507555714,-20.612866206240113,-47.38579908270327,-20.562740213386242,262.7
Franca,FRANCA,-47.38579908270327,-20.612866206240113,-47.3356730898494,-20.562740213386242,80.4
Franca,FRANCA,-47.3356730898494,-20.612866206240113,-47.28554709699553,-20.562740213386242,58.6
Franca,FRANCA,-47.28554709699553,-20.612866206240113,-47.23542110414166,-20.562740213386242,213.5
Franca,FRANCA,-47.23542110414166,-20.612866206240113,-47.18529511128779,-20.562740213386242,194.5
Franca,FRANCA,-47.18529511128779,-20.612866206240113,-47.13516911843392,-20.562740213386242,154.9
Franca,FRANCA,-47.48605106841101,-20.66299219909398,-47.43592507555714,-20.612866206240113,114.3
Franca,FRANCA,-47.43592507555714,-20.66299219909398,-47.38579908270327,-20.612866206240113,612.9
Franca,FRANCA,-47.38579908270327,-20.66299219909398,-47.3356730898494,-20.612866206240113,171.5
Franca,FRANCA,-47.28554709699553,-20.66299219909398,-47.23542110414166,-20.612866206240113,171.5
Franca,FRANCA,-47.23542110414166,-20.66299219909398,-47.18529511128779,-20.612866206240113,378.4
Franca,FRANCA,-47.18529511128779,-20.66299219909398,-47.13516911843392,-20.612866206240113,281.4
Franca,FRANCA,-47.13516911843392,-20.66299219909398,-47.08504312558005,-20.612866206240113,511.4
Franca,FRANCA,-47.43592507555714,-20.713118191947853,-47.38579908270327,-20.66299219909398,58.6
Franca,FRANCA,-47.28554709699553,-20.713118191947853,-47.23542110414166,-20.66299219909398,44.8
Franca,FRANCA,-47.23542110414166,-20.713118191947853,-47.18529511128779,-20.66299219909398,87.2
Franca,FRANCA,-47.18529511128779,-20.713118191947853,-47.13516911843392,-20.66299219909398,334.2
Franca,FRANCA,-47.13516911843392,-20.713118191947853,-47.08504312558005,-20.66299219909398,108.4
Franca,FRANCA,-47.23542110414166,-20.76324418480172,-47.18529511128779,-20.713118191947853,90.8
Franca,FRANCA,-47.28554709699553,-20.81337017765559,-47.23542110414166,-20.76324418480172,145.4
Franca,FRANCA,-47.23542110414166,-20.81337017765559,-47.18529511128779,-20.76324418480172,237.3
Franca,FRANCA,-47.636429046972616,-20.86349617050946,-47.586303054118744,-20.81337017765559,40.5
Franca,FRANCA,-47.48605106841101,-20.86349617050946,-47.43592507555714,-20.81337017765559,34.4
Franca,FRANCA,-47.636429046972616,-20.91362216336333,-47.586303054118744,-20.86349617050946,43.0
Franca,FRANCA,-47.48605106841101,-20.91362216336333,-47.43592507555714,-20.86349617050946,131.8
Franca,FRANCA,-47.43592507555714,-20.91362216336333,-47.38579908270327,-20.86349617050946,61.8
Franca,FRANCA,-47.636429046972616,-20.963748156217196,-47.586303054118744,-20.91362216336333,47.8
Franca,FRANCA,-47.586303054118744,-20.963748156217196,-47.53617706126488,-20.91362216336333,32.9
Franca,FRANCA,-47.48605106841101,-20.963748156217196,-47.43592507555714,-20.91362216336333,229.8
Franca,FRANCA,-47.43592507555714,-20.963748156217196,-47.38579908270327,-20.91362216336333,735.8
Franca,FRANCA,-47.38579908270327,-20.963748156217196,-47.3356730898494,-20.91362216336333,103.0
Franca,FRANCA,-47.23542110414166,-20.963748156217196,-47.18529511128779,-20.91362216336333,79.2
Franca,FRANCA,-47.18529511128779,-20.963748156217196,-47.13516911843392,-20.91362216336333,79.5
Franca,FRANCA,-47.586303054118744,-21.013874149071068,-47.53617706126488,-20.963748156217196,91.1
Franca,FRANCA,-47.48605106841101,-21.013874149071068,-47.43592507555714,-20.963748156217196,251.5
Franca,FRANCA,-47.43592507555714,-21.013874149071068,-47.38579908270327,-20.963748156217196,1104.8
Franca,FRANCA,-47.38579908270327,-21.013874149071068,-47.3356730898494,-20.963748156217196,956.4
Franca,FRANCA,-47.28554709699553,-21.013874149071068,-47.23542110414166,-20.963748156217196,35.7
Franca,FRANCA,-47.23542110414166,-21.013874149071068,-47.18529511128779,-20.963748156217196,329.4
Franca,FRANCA,-47.18529511128779,-21.013874149071068,-47.13516911843392,-20.963748156217196,218.6
Franca,FRANCA,-47.48605106841101,-21.064000141924936,-47.43592507555714,-21.013874149071068,107.0
Franca,FRANCA,-47.43592507555714,-21.064000141924936,-47.38579908270327,-21.013874149071068,369.9
Franca,FRANCA,-47.38579908270327,-21.064000141924936,-47.3356730898494,-21.013874149071068,357.7
Franca,FRANCA,-47.3356730898494,-21.064000141924936,-47.28554709699553,-21.013874149071068,223.6
Franca,FRANCA,-47.28554709699553,-21.064000141924936,-47.23542110414166,-21.013874149071068,259.2
Franca,FRANCA,-47.23542110414166,-21.064000141924936,-47.18529511128779,-21.013874149071068,88.8
Franca,FRANCA,-47.18529511128779,-21.064000141924936,-47.13516911843392,-21.013874149071068,165.4
Franca,FRANCA,-47.48605106841101,-21.114126134778807,-47.43592507555714,-21.064000141924936,30.6
Franca,FRANCA,-47.28554709699553,-21.114126134778807,-47.23542110414166,-21.064000141924936,34.6
Franca,FRANCA,-47.23542110414166,-21.114126134778807,-47.18529511128779,-21.064000141924936,197.7
Franca,FRANCA,-47.18529511128779,-21.114126134778807,-47.13516911843392,-21.064000141924936,54.7
Franca,FRANCA,-47.13516911843392,-21.114126134778807,-47.08504312558005,-21.064000141924936,35.0
Franca,FRANCA,-47.23542110414166,-21.164252127632675,-47.18529511128779,-21.114126134778807,56.0
Franca,FRANCA,-47.18529511128779,-21.164252127632675,-47.13516911843392,-21.114126134778807,239.8
Franca,FRANCA,-47.13516911843392,-21.164252127632675,-47.08504312558005,-21.114126134778807,78.0
Franca,FRANCA,-47.23542110414166,-21.214378120486543,-47.18529511128779,-21.164252127632675,95.4
Franca,FRANCA,-47.18529511128779,-21.214378120486543,-47.13516911843392,-21.164252127632675,168.9
Franca,FRANCA,-47.13516911843392,-21.214378120486543,-47.08504312558005,-21.164252127632675,69.6
General Salgado,GENERAL SALGADO,-49.956759660875136,-20.81137130903296,-49.906633668021264,-20.76124531617909,41.0
General Salgado,GENERAL SALGADO,-50.00688565372901,-20.86149730188683,-49.956759660875136,-20.81137130903296,75.2
General Salgado,GENERAL SALGADO,-49.956759660875136,-20.86149730188683,-49.906633668021264,-20.81137130903296,137.3
General Salgado,GENERAL SALGADO,-49.906633668021264,-20.86149730188683,-49.8565076751674,-20.81137130903296,37.4
General Salgado,GENERAL SALGADO,-50.00688565372901,-20.911623294740696,-49.956759660875136,-20.86149730188683,43.0
General Salgado,GENERAL SALGADO,-49.906633668021264,-20.911623294740696,-49.8565076751674,-20.86149730188683,93.9
General Salgado,GENERAL SALGADO,-49.906633668021264,-20.961749287594568,-49.8565076751674,-20.911623294740696,215.5
General Salgado,GENERAL SALGADO,-49.956759660875136,-21.011875280448436,-49.906633668021264,-20.961749287594568,32.4
General Salgado,GENERAL SALGADO,-49.906633668021264,-21.011875280448436,-49.8565076751674,-20.961749287594568,34.5
General Salgado,GENERAL SALGADO,-50.00688565372901,-21.062001273302304,-49.956759660875136,-21.011875280448436,31.8
Guaratinguetá,GUARATINGUETA,-45.34003548445118,-22.70450595762013,-45.28990949159731,-22.65437996476626,39.5
Guaratinguetá,GUARATINGUETA,-44.838775555912484,-23.055387907597215,-44.78864956305861,-23.005261914743343,30.5
Guaratinguetá,GUARATINGUETA,-44.838775555912484,-23.105513900451083,-44.78864956305861,-23.055387907597215,31.0
Guaratinguetá,GUARATINGUETA,-44.88890154876635,-23.205765886158822,-44.838775555912484,-23.155639893304954,44.4
Jaboticabal,JABOTICABAL,-48.53959184799147,-21.20925096885382,-48.4894658551376,-21.15912497599995,51.5
Jaboticabal,JABOTICABAL,-48.58971784084534,-21.259376961707687,-48.53959184799147,-21.20925096885382,33.1
Jaboticabal,JABOTICABAL,-48.53959184799147,-21.259376961707687,-48.4894658551376,-21.20925096885382,95.9
Jaboticabal,JABOTICABAL,-48.4894658551376,-21.259376961707687,-48.43933986228373,-21.20925096885382,55.5
Jaboticabal,JABOTICABAL,-48.58971784084534,-21.359628947415427,-48.53959184799147,-21.30950295456156,42.7
Jaboticabal,JABOTICABAL,-48.63984383369921,-21.459880933123166,-48.58971784084534,-21.4097549402693,51.3
Jaú,JAU,-48.56340770309759,-22.139586640094027,-48.51328171024372,-22.089460647240156,34.9
Jaú,JAU,-48.56340770309759,-22.239838625801767,-48.51328171024372,-22.189712632947895,44.4
Jaú,JAU,-48.36290373168211,-22.340090611509503,-48.31277773882824,-22.289964618655635,54.7
Jaú,JAU,-48.36290373168211,-22.390216604363374,-48.31277773882824,-22.340090611509503,49.7
Jaú,JAU,-48.31277773882824,-22.390216604363374,-48.26265174597437,-22.340090611509503,167.6
Jaú,JAU,-48.36290373168211,-22.440342597217242,-48.31277773882824,-22.390216604363374,31.3
Jaú,JAU,-48.11227376741276,-22.49046859007111,-48.062147774558895,-22.440342597217242,114.4
Jaú,JAU,-48.713785681659196,-22.59072057577885,-48.663659688805325,-22.54059458292498,474.6
Jaú,JAU,-48.76391167451306,-22.64084656863272,-48.713785681659196,-22.59072057577885,44.4
Jaú,JAU,-48.713785681659196,-22.64084656863272,-48.663659688805325,-22.59072057577885,59.4
Limeira,LIMEIRA,-47.60889884460033,-22.15584747905912,-47.55877285174647,-22.10572148620525,62.0
Limeira,LIMEIRA,-47.35826888033099,-22.25609946476686,-47.30814288747712,-22.205973471912987,93.2
Limeira,LIMEIRA,-47.30814288747712,-22.25609946476686,-47.258016894623246,-22.205973471912987,46.6
Limeira,LIMEIRA,-47.90965480172355,-22.406477443328466,-47.85952880886968,-22.356351450474595,41.7
Limeira,LIMEIRA,-47.85952880886968,-22.406477443328466,-47.80940281601581,-22.356351450474595,92.0
Limeira,LIMEIRA,-47.80940281601581,-22.456603436182334,-47.75927682316194,-22.406477443328466,72.8
Lins,LINS,-49.67278675184222,-21.776472941145386,-49.622660758988346,-21.726346948291514,52.0
Lins,LINS,-49.97354270896543,-21.826598933999254,-49.92341671611156,-21.776472941145386,35.0
Lins,LINS,-49.32190480186513,-21.826598933999254,-49.27177880901126,-21.776472941145386,30.3
Lins,LINS,-49.572534766134474,-21.87672492685312,-49.52240877328061,-21.826598933999254,37.7
Lins,LINS,-49.47228278042674,-22.027102905414733,-49.42215678757287,-21.97697691256086,37.5
Lins,LINS,-49.47228278042674,-22.0772288982686,-49.42215678757287,-22.027102905414733,130.6
Lins,LINS,-49.622660758988346,-22.12735489112247,-49.572534766134474,-22.0772288982686,77.1
Marília,MARILIA,-49.91975462992501,-22.018662538564953,-49.86962863707114,-21.968536545711085,65.1
Marília,MARILIA,-49.91975462992501,-22.068788531418825,-49.86962863707114,-22.018662538564953,80.7
Marília,MARILIA,-49.71925065850953,-22.118914524272693,-49.66912466565566,-22.068788531418825,184.6
Marília,MARILIA,-49.66912466565566,-22.118914524272693,-49.618998672801794,-22.068788531418825,174.8
Marília,MARILIA,-49.618998672801794,-22.118914524272693,-49.56887267994792,-22.068788531418825,65.0
Marília,MARILIA,-50.17038459419435,-22.169040517126565,-50.12025860134049,-22.118914524272693,86.9
Marília,MARILIA,-50.12025860134049,-22.169040517126565,-50.07013260848662,-22.118914524272693,120.3
Marília,MARILIA,-50.07013260848662,-22.169040517126565,-50.020006615632745,-22.118914524272693,102.9
Marília,MARILIA,-49.7693766513634,-22.169040517126565,-49.71925065850953,-22.118914524272693,106.8
Marília,MARILIA,-49.71925065850953,-22.169040517126565,-49.66912466565566,-22.118914524272693,61.2
Marília,MARILIA,-49.66912466565566,-22.169040517126565,-49.618998672801794,-22.118914524272693,328.7
Marília,MARILIA,-49.618998672801794,-22.169040517126565,-49.56887267994792,-22.118914524272693,76.3
Marília,MARILIA,-49.86962863707114,-22.219166509980433,-49.819502644217266,-22.169040517126565,369.1
Marília,MARILIA,-49.819502644217266,-22.219166509980433,-49.7693766513634,-22.169040517126565,68.8
Marília,MARILIA,-49.7693766513634,-22.219166509980433,-49.71925065850953,-22.169040517126565,298.9
Marília,MARILIA,-49.71925065850953,-22.219166509980433,-49.66912466565566,-22.169040517126565,55.8
Marília,MARILIA,-49.66912466565566,-22.219166509980433,-49.618998672801794,-22.169040517126565,98.4
Marília,MARILIA,-49.618998672801794,-22.219166509980433,-49.56887267994792,-22.169040517126565,165.9
Marília,MARILIA,-49.86962863707114,-22.2692925028343,-49.819502644217266,-22.219166509980433,53.2
Marília,MARILIA,-49.7693766513634,-22.2692925028343,-49.71925065850953,-22.219166509980433,166.2
Marília,MARILIA,-49.71925065850953,-22.2692925028343,-49.66912466565566,-22.219166509980433,161.5
Marília,MARILIA,-49.66912466565566,-22.2692925028343,-49.618998672801794,-22.219166509980433,224.3
Marília,MARILIA,-49.618998672801794,-22.2692925028343,-49.56887267994792,-22.219166509980433,630.3
Marília,MARILIA,-49.56887267994792,-22.2692925028343,-49.51874668709405,-22.219166509980433,115.5
Marília,MARILIA,-50.12025860134049,-22.319418495688172,-50.07013260848662,-22.2692925028343,91.4
Marília,MARILIA,-49.91975462992501,-22.319418495688172,-49.86962863707114,-22.2692925028343,47.1
Marília,MARILIA,-49.86962863707114,-22.319418495688172,-49.819502644217266,-22.2692925028343,263.4
Marília,MARILIA,-49.819502644217266,-22.319418495688172,-49.7693766513634,-22.2692925028343,722.8
Marília,MARILIA,-49.7693766513634,-22.319418495688172,-49.71925065850953,-22.2692925028343,854.2
Marília,MARILIA,-49.71925065850953,-22.319418495688172,-49.66912466565566,-22.2692925028343,537.9
Marília,MARILIA,-49.66912466565566,-22.319418495688172,-49.618998672801794,-22.2692925028343,389.7
Marília,MARILIA,-49.618998672801794,-22.319418495688172,-49.56887267994792,-22.2692925028343,475.8
Marília,MARILIA,-50.32076257275596,-22.36954448854204,-50.270636579902096,-22.319418495688172,60.3
Marília,MARILIA,-49.86962863707114,-22.36954448854204,-49.819502644217266,-22.319418495688172,46.8
Marília,MARILIA,-49.819502644217266,-22.36954448854204,-49.7693766513634,-22.319418495688172,200.4
Marília,MARILIA,-49.7693766513634,-22.36954448854204,-49.71925065850953,-22.319418495688172,98.3
Marília,MARILIA,-49.71925065850953,-22.36954448854204,-49.66912466565566,-22.319418495688172,428.9
Marília,MARILIA,-49.66912466565566,-22.36954448854204,-49.618998672801794,-22.319418495688172,714.0
Marília,MARILIA,-49.618998672801794,-22.36954448854204,-49.56887267994792,-22.319418495688172,128.0
Marília,MARILIA,-49.56887267994792,-22.36954448854204,-49.51874668709405,-22.319418495688172,88.1
Marília,MARILIA,-49.51874668709405,-22.36954448854204,-49.46862069424019,-22.319418495688172,93.2
Marília,MARILIA,-49.969880622778874,-22.419670481395908,-49.91975462992501,-22.36954448854204,42.7
Marília,MARILIA,-49.86962863707114,-22.419670481395908,-49.819502644217266,-22.36954448854204,115.3
Marília,MARILIA,-49.819502644217266,-22.419670481395908,-49.7693766513634,-22.36954448854204,262.4
Marília,MARILIA,-49.7693766513634,-22.419670481395908,-49.71925065850953,-22.36954448854204,377.8
Marília,MARILIA,-49.71925065850953,-22.419670481395908,-49.66912466565566,-22.36954448854204,375.1
Marília,MARILIA,-49.66912466565566,-22.419670481395908,-49.618998672801794,-22.36954448854204,277.9
Marília,MARILIA,-49.56887267994792,-22.419670481395908,-49.51874668709405,-22.36954448854204,33.3
Marília,MARILIA,-50.07013260848662,-22.46979647424978,-50.020006615632745,-22.419670481395908,34.0
Marília,MARILIA,-49.86962863707114,-22.46979647424978,-49.819502644217266,-22.419670481395908,176.9
Marília,MARILIA,-49.819502644217266,-22.46979647424978,-49.7693766513634,-22.419670481395908,107.2
Marília,MARILIA,-49.7693766513634,-22.46979647424978,-49.71925065850953,-22.419670481395908,192.6
Marília,MARILIA,-49.91975462992501,-22.519922467103648,-49.86962863707114,-22.46979647424978,111.9
Mogi das Cruzes,MOGI DAS CRUZES,-45.823714716442474,-23.534272309773826,-45.7735887235886,-23.484146316919954,31.0
Orlândia,ORLANDIA,-47.599232095622575,-20.17927913685577,-47.54910610276871,-20.1291531440019,60.1
Orlândia,ORLANDIA,-47.64935808847645,-20.22940512970964,-47.599232095622575,-20.17927913685577,114.5
Orlândia,ORLANDIA,-47.69948408133032,-20.32965711541738,-47.64935808847645,-20.279531122563508,44.7
Orlândia,ORLANDIA,-47.64935808847645,-20.480035093978987,-47.599232095622575,-20.429909101125116,60.5
Orlândia,ORLANDIA,-47.799736067038054,-20.780791051102202,-47.74961007418418,-20.730665058248334,51.2
Orlândia,ORLANDIA,-47.799736067038054,-20.881043036809942,-47.74961007418418,-20.83091704395607,48.5
Ourinhos,OURINHOS,-49.906327792313505,-22.601287407930112,-49.85620179945963,-22.55116141507624,71.3
Ourinhos,OURINHOS,-49.80607580660577,-22.601287407930112,-49.7559498137519,-22.55116141507624,37.4
Ourinhos,OURINHOS,-49.55544584233642,-22.601287407930112,-49.50531984948255,-22.55116141507624,65.2
Ourinhos,OURINHOS,-49.60557183519029,-22.65141340078398,-49.55544584233642,-22.601287407930112,77.6
Ourinhos,OURINHOS,-49.55544584233642,-22.65141340078398,-49.50531984948255,-22.601287407930112,147.7
Ourinhos,OURINHOS,-49.55544584233642,-22.701539393637848,-49.50531984948255,-22.65141340078398,38.9
Ourinhos,OURINHOS,-49.50531984948255,-22.701539393637848,-49.45519385662868,-22.65141340078398,66.1
Ourinhos,OURINHOS,-49.40506786377481,-22.75166538649172,-49.35494187092094,-22.701539393637848,34.5
Ourinhos,OURINHOS,-49.906327792313505,-22.801791379345588,-49.85620179945963,-22.75166538649172,152.0
Ourinhos,OURINHOS,-49.85620179945963,-22.801791379345588,-49.80607580660577,-22.75166538649172,91.9
Ourinhos,OURINHOS,-49.906327792313505,-22.85191737219946,-49.85620179945963,-22.801791379345588,45.7
Ourinhos,OURINHOS,-49.85620179945963,-22.85191737219946,-49.80607580660577,-22.801791379345588,47.3
Ourinhos,OURINHOS,-49.55544584233642,-22.85191737219946,-49.50531984948255,-22.801791379345588,38.9
Ourinhos,OURINHOS,-49.45519385662868,-22.85191737219946,-49.40506786377481,-22.801791379345588,61.0
Ourinhos,OURINHOS,-49.55544584233642,-22.902043365053327,-49.50531984948255,-22.85191737219946,47.5
Ourinhos,OURINHOS,-49.55544584233642,-23.052421343614935,-49.50531984948255,-23.002295350761067,46.8
Ourinhos,OURINHOS,-49.55544584233642,-23.152673329322674,-49.50531984948255,-23.102547336468803,201.5
Ourinhos,OURINHOS,-49.705823820898026,-23.202799322176542,-49.65569782804416,-23.152673329322674,51.1
Ourinhos,OURINHOS,-49.65569782804416,-23.202799322176542,-49.60557183519029,-23.152673329322674,204.1
Ourinhos,OURINHOS,-49.60557183519029,-23.202799322176542,-49.55544584233642,-23.152673329322674,95.8
Ourinhos,OURINHOS,-49.55544584233642,-23.202799322176542,-49.50531984948255,-23.152673329322674,200.8
Ourinhos,OURINHOS,-49.50531984948255,-23.202799322176542,-49.45519385662868,-23.152673329322674,50.4
Ourinhos,OURINHOS,-49.45519385662868,-23.202799322176542,-49.40506786377481,-23.152673329322674,52.4
Ourinhos,OURINHOS,-49.40506786377481,-23.202799322176542,-49.35494187092094,-23.152673329322674,55.4
Ourinhos,OURINHOS,-49.60557183519029,-23.252925315030414,-49.55544584233642,-23.202799322176542,264.7
Ourinhos,OURINHOS,-49.55544584233642,-23.252925315030414,-49.50531984948255,-23.202799322176542,225.5
Ourinhos,OURINHOS,-49.50531984948255,-23.252925315030414,-49.45519385662868,-23.202799322176542,100.8
Ourinhos,OURINHOS,-49.45519385662868,-23.252925315030414,-49.40506786377481,-23.202799322176542,137.8
Ourinhos,OURINHOS,-49.40506786377481,-23.252925315030414,-49.35494187092094,-23.202799322176542,523.8
Ourinhos,OURINHOS,-49.35494187092094,-23.252925315030414,-49.304815878067075,-23.202799322176542,57.7
Ourinhos,OURINHOS,-49.304815878067075,-23.252925315030414,-49.2546898852132,-23.202799322176542,113.8
Ourinhos,OURINHOS,-49.60557183519029,-23.30305130788428,-49.55544584233642,-23.252925315030414,69.1
Ourinhos,OURINHOS,-49.55544584233642,-23.30305130788428,-49.50531984948255,-23.252925315030414,190.8
Ourinhos,OURINHOS,-49.50531984948255,-23.30305130788428,-49.45519385662868,-23.252925315030414,208.9
Ourinhos,OURINHOS,-49.40506786377481,-23.30305130788428,-49.35494187092094,-23.252925315030414,340.5
Ourinhos,OURINHOS,-49.35494187092094,-23.30305130788428,-49.304815878067075,-23.252925315030414,30.5
Ourinhos,OURINHOS,-49.304815878067075,-23.30305130788428,-49.2546898852132,-23.252925315030414,90.0
Ourinhos,OURINHOS,-49.2546898852132,-23.30305130788428,-49.20456389235933,-23.252925315030414,45.5
Ourinhos,OURINHOS,-49.50531984948255,-23.35317730073815,-49.45519385662868,-23.30305130788428,110.7
Ourinhos,OURINHOS,-49.45519385662868,-23.35317730073815,-49.40506786377481,-23.30305130788428,215.4
Ourinhos,OURINHOS,-49.40506786377481,-23.35317730073815,-49.35494187092094,-23.30305130788428,266.1
Ourinhos,OURINHOS,-49.35494187092094,-23.35317730073815,-49.304815878067075,-23.30305130788428,216.7
Ourinhos,OURINHOS,-49.60557183519029,-23.40330329359202,-49.55544584233642,-23.35317730073815,142.1
Ourinhos,OURINHOS,-49.55544584233642,-23.40330329359202,-49.50531984948255,-23.35317730073815,201.0
Ourinhos,OURINHOS,-49.50531984948255,-23.40330329359202,-49.45519385662868,-23.35317730073815,93.9
Ourinhos,OURINHOS,-49.45519385662868,-23.40330329359202,-49.40506786377481,-23.35317730073815,130.8
Ourinhos,OURINHOS,-49.40506786377481,-23.40330329359202,-49.35494187092094,-23.35317730073815,240.0
Ourinhos,OURINHOS,-49.35494187092094,-23.40330329359202,-49.304815878067075,-23.35317730073815,306.0
Ourinhos,OURINHOS,-49.304815878067075,-23.40330329359202,-49.2546898852132,-23.35317730073815,231.9
Ourinhos,OURINHOS,-49.2546898852132,-23.40330329359202,-49.20456389235933,-23.35317730073815,134.2
Ourinhos,OURINHOS,-49.55544584233642,-23.45342928644589,-49.50531984948255,-23.40330329359202,120.4
Ourinhos,OURINHOS,-49.50531984948255,-23.45342928644589,-49.45519385662868,-23.40330329359202,178.3
Ourinhos,OURINHOS,-49.45519385662868,-23.45342928644589,-49.40506786377481,-23.40330329359202,56.1
Ourinhos,OURINHOS,-49.40506786377481,-23.45342928644589,-49.35494187092094,-23.40330329359202,120.7
Ourinhos,OURINHOS,-49.35494187092094,-23.45342928644589,-49.304815878067075,-23.40330329359202,103.0
Ourinhos,OURINHOS,-49.2546898852132,-23.45342928644589,-49.20456389235933,-23.40330329359202,132.0
Ourinhos,OURINHOS,-49.60557183519029,-23.503555279299757,-49.55544584233642,-23.45342928644589,91.3
Ourinhos,OURINHOS,-49.45519385662868,-23.503555279299757,-49.40506786377481,-23.45342928644589,134.1
Ourinhos,OURINHOS,-49.40506786377481,-23.503555279299757,-49.35494187092094,-23.45342928644589,79.5
Ourinhos,OURINHOS,-49.40506786377481,-23.55368127215363,-49.35494187092094,-23.503555279299757,114.6
Pindamonhangaba,PINDAMONHANGABA,-45.76242582278548,-22.623426111922303,-45.71229982993161,-22.573300119068435,44.8
Pindamonhangaba,PINDAMONHANGABA,-45.71229982993161,-22.623426111922303,-45.662173837077745,-22.573300119068435,39.8
Pindamonhangaba,PINDAMONHANGABA,-45.71229982993161,-22.673552104776174,-45.662173837077745,-22.623426111922303,66.9
Pindamonhangaba,PINDAMONHANGABA,-45.81255181563935,-22.723678097630042,-45.76242582278548,-22.673552104776174,77.1
Pindamonhangaba,PINDAMONHANGABA,-45.71229982993161,-22.723678097630042,-45.662173837077745,-22.673552104776174,88.8
Pindamonhangaba,PINDAMONHANGABA,-45.81255181563935,-22.77380409048391,-45.76242582278548,-22.723678097630042,77.9
Pindamonhangaba,PINDAMONHANGABA,-45.71229982993161,-22.77380409048391,-45.662173837077745,-22.723678097630042,47.4
Pindamonhangaba,PINDAMONHANGABA,-45.76242582278548,-22.823930083337782,-45.71229982993161,-22.77380409048391,38.3
Pindamonhangaba,PINDAMONHANGABA,-45.71229982993161,-22.823930083337782,-45.662173837077745,-22.77380409048391,50.7
Pindamonhangaba,PINDAMONHANGABA,-45.96292979420096,-22.87405607619165,-45.91280380134709,-22.823930083337782,44.7
Pindamonhangaba,PINDAMONHANGABA,-45.76242582278548,-22.87405607619165,-45.71229982993161,-22.823930083337782,31.5
Pindamonhangaba,PINDAMONHANGABA,-45.71229982993161,-22.87405607619165,-45.662173837077745,-22.823930083337782,49.9
Pindamonhangaba,PINDAMONHANGABA,-45.662173837077745,-22.87405607619165,-45.61204784422387,-22.823930083337782,45.8
Pindamonhangaba,PINDAMONHANGABA,-45.91280380134709,-22.92418206904552,-45.862677808493224,-22.87405607619165,33.0
Pindamonhangaba,PINDAMONHANGABA,-45.862677808493224,-22.92418206904552,-45.81255181563935,-22.87405607619165,43.1
Pindamonhangaba,PINDAMONHANGABA,-45.81255181563935,-22.92418206904552,-45.76242582278548,-22.87405607619165,33.1
Pindamonhangaba,PINDAMONHANGABA,-46.063181779908696,-22.97430806189939,-46.01305578705483,-22.92418206904552,33.1
Pindamonhangaba,PINDAMONHANGABA,-46.01305578705483,-22.97430806189939,-45.96292979420096,-22.92418206904552,65.1
Pindamonhangaba,PINDAMONHANGABA,-45.96292979420096,-22.97430806189939,-45.91280380134709,-22.92418206904552,49.4
Pindamonhangaba,PINDAMONHANGABA,-45.76242582278548,-22.97430806189939,-45.71229982993161,-22.92418206904552,49.0
Presidente Prudente,PRESIDENTE PRUDENTE,-51.13023890873724,-22.40380626203133,-51.08011291588337,-22.353680269177463,33.2
Presidente Prudente,PRESIDENTE PRUDENTE,-51.0299869230295,-22.40380626203133,-50.97986093017563,-22.353680269177463,83.6
Presidente Prudente,PRESIDENTE PRUDENTE,-51.13023890873724,-22.453932254885203,-51.08011291588337,-22.40380626203133,32.2
Presidente Prudente,PRESIDENTE PRUDENTE,-51.0299869230295,-22.453932254885203,-50.97986093017563,-22.40380626203133,44.4
Presidente Prudente,PRESIDENTE PRUDENTE,-50.92973493732176,-22.453932254885203,-50.87960894446789,-22.40380626203133,46.1
Presidente Prudente,PRESIDENTE PRUDENTE,-50.87960894446789,-22.453932254885203,-50.829482951614025,-22.40380626203133,34.3
Presidente Prudente,PRESIDENTE PRUDENTE,-51.13023890873724,-22.50405824773907,-51.08011291588337,-22.453932254885203,34.2
Presidente Prudente,PRESIDENTE PRUDENTE,-51.0299869230295,-22.50405824773907,-50.97986093017563,-22.453932254885203,90.9
Presidente Prudente,PRESIDENTE PRUDENTE,-51.08011291588337,-22.55418424059294,-51.0299869230295,-22.50405824773907,56.4
Presidente Venceslau,PRESIDENTE VENCESLAU,-52.70386546416906,-22.453905085016586,-52.65373947131519,-22.40377909216272,35.4
Presidente Venceslau,PRESIDENTE VENCESLAU,-52.00210156421489,-22.453905085016586,-51.95197557136102,-22.40377909216272,50.8
Presidente Venceslau,PRESIDENTE VENCESLAU,-52.70386546416906,-22.504031077870454,-52.65373947131519,-22.453905085016586,30.4
Presidente Venceslau,PRESIDENTE VENCESLAU,-52.40310950704584,-22.504031077870454,-52.352983514191976,-22.453905085016586,35.2
Presidente Venceslau,PRESIDENTE VENCESLAU,-52.05222755706876,-22.504031077870454,-52.00210156421489,-22.453905085016586,58.5
Presidente Venceslau,PRESIDENTE VENCESLAU,-52.00210156421489,-22.504031077870454,-51.95197557136102,-22.453905085016586,40.1
Presidente Venceslau,PRESIDENTE VENCESLAU,-52.40310950704584,-22.554157070724326,-52.352983514191976,-22.504031077870454,42.5
Ribeirão Preto,RIBEIRAO PRETO,-47.63556102080999,-21.026454584169677,-47.58543502795612,-20.97632859131581,37.6
Ribeirão Preto,RIBEIRAO PRETO,-47.33480506368677,-21.176832562731285,-47.28467907083291,-21.126706569877417,39.8
Ribeirão Preto,RIBEIRAO PRETO,-47.28467907083291,-21.176832562731285,-47.23455307797904,-21.126706569877417,45.4
Ribeirão Preto,RIBEIRAO PRETO,-47.33480506368677,-21.226958555585156,-47.28467907083291,-21.176832562731285,58.3
Ribeirão Preto,RIBEIRAO PRETO,-47.28467907083291,-21.226958555585156,-47.23455307797904,-21.176832562731285,92.4
Ribeirão Preto,RIBEIRAO PRETO,-47.184427085125165,-21.226958555585156,-47.1343010922713,-21.176832562731285,72.0
Ribeirão Preto,RIBEIRAO PRETO,-47.1343010922713,-21.226958555585156,-47.08417509941743,-21.176832562731285,171.7
Ribeirão Preto,RIBEIRAO PRETO,-47.28467907083291,-21.277084548439024,-47.23455307797904,-21.226958555585156,74.8
Ribeirão Preto,RIBEIRAO PRETO,-47.23455307797904,-21.277084548439024,-47.184427085125165,-21.226958555585156,111.2
Ribeirão Preto,RIBEIRAO PRETO,-47.184427085125165,-21.277084548439024,-47.1343010922713,-21.226958555585156,59.0
Ribeirão Preto,RIBEIRAO PRETO,-47.1343010922713,-21.277084548439024,-47.08417509941743,-21.226958555585156,166.6
Ribeirão Preto,RIBEIRAO PRETO,-47.08417509941743,-21.277084548439024,-47.03404910656356,-21.226958555585156,54.3
Ribeirão Preto,RIBEIRAO PRETO,-47.435057049394516,-21.327210541292892,-47.384931056540644,-21.277084548439024,82.2
Ribeirão Preto,RIBEIRAO PRETO,-47.28467907083291,-21.327210541292892,-47.23455307797904,-21.277084548439024,215.4
Ribeirão Preto,RIBEIRAO PRETO,-47.23455307797904,-21.327210541292892,-47.184427085125165,-21.277084548439024,238.0
Ribeirão Preto,RIBEIRAO PRETO,-47.184427085125165,-21.327210541292892,-47.1343010922713,-21.277084548439024,87.3
Ribeirão Preto,RIBEIRAO PRETO,-47.1343010922713,-21.327210541292892,-47.08417509941743,-21.277084548439024,94.6
Ribeirão Preto,RIBEIRAO PRETO,-47.23455307797904,-21.377336534146764,-47.184427085125165,-21.327210541292892,227.4
Ribeirão Preto,RIBEIRAO PRETO,-47.435057049394516,-21.57784050556224,-47.384931056540644,-21.52771451270837,52.9
Ribeirão Preto,RIBEIRAO PRETO,-47.48518304224838,-21.67809249126998,-47.435057049394516,-21.62796649841611,30.2
Ribeirão Preto,RIBEIRAO PRETO,-47.48518304224838,-21.728218484123847,-47.435057049394516,-21.67809249126998,35.5
São José do Rio Preto,SAO JOSE DO RIO PRETO,-49.690775157721404,-20.220512729528426,-49.64064916486753,-20.17038673667456,50.6
São José do Rio Preto,SAO JOSE DO RIO PRETO,-49.59052317201367,-20.320764715236166,-49.5403971791598,-20.270638722382298,40.8
São José do Rio Preto,SAO JOSE DO RIO PRETO,-49.490271186305925,-20.320764715236166,-49.440145193452054,-20.270638722382298,64.7
São José do Rio Preto,SAO JOSE DO RIO PRETO,-49.440145193452054,-20.370890708090034,-49.39001920059819,-20.320764715236166,76.5
São José do Rio Preto,SAO JOSE DO RIO PRETO,-49.33989320774432,-20.370890708090034,-49.289767214890446,-20.320764715236166,74.5
São José do Rio Preto,SAO JOSE DO RIO PRETO,-49.39001920059819,-20.421016700943905,-49.33989320774432,-20.370890708090034,30.1
São José do Rio Preto,SAO JOSE DO RIO PRETO,-49.690775157721404,-20.471142693797773,-49.64064916486753,-20.421016700943905,37.4
São José do Rio Preto,SAO JOSE DO RIO PRETO,-49.490271186305925,-20.471142693797773,-49.440145193452054,-20.421016700943905,42.0
São José do Rio Preto,SAO JOSE DO RIO PRETO,-49.440145193452054,-20.471142693797773,-49.39001920059819,-20.421016700943905,67.0
São José do Rio Preto,SAO JOSE DO RIO PRETO,-49.39001920059819,-20.471142693797773,-49.33989320774432,-20.421016700943905,42.0
São José do Rio Preto,SAO JOSE DO RIO PRETO,-49.740901150575276,-20.521268686651645,-49.690775157721404,-20.471142693797773,43.0
São José do Rio Preto,SAO JOSE DO RIO PRETO,-49.440145193452054,-20.521268686651645,-49.39001920059819,-20.471142693797773,56.2
São José do Rio Preto,SAO JOSE DO RIO PRETO,-49.39001920059819,-20.521268686651645,-49.33989320774432,-20.471142693797773,43.3
São José do Rio Preto,SAO JOSE DO RIO PRETO,-49.740901150575276,-20.571394679505513,-49.690775157721404,-20.521268686651645,76.2
São José do Rio Preto,SAO JOSE DO RIO PRETO,-49.690775157721404,-20.571394679505513,-49.64064916486753,-20.521268686651645,76.6
São José do Rio Preto,SAO JOSE DO RIO PRETO,-49.59052317201367,-20.571394679505513,-49.5403971791598,-20.521268686651645,70.1
São José do Rio Preto,SAO JOSE DO RIO PRETO,-49.5403971791598,-20.571394679505513,-49.490271186305925,-20.521268686651645,33.2
São José do Rio Preto,SAO JOSE DO RIO PRETO,-49.490271186305925,-20.571394679505513,-49.440145193452054,-20.521268686651645,44.9
São José do Rio Preto,SAO JOSE DO RIO PRETO,-49.39001920059819,-20.571394679505513,-49.33989320774432,-20.521268686651645,30.0
São José do Rio Preto,SAO JOSE DO RIO PRETO,-49.740901150575276,-20.62152067235938,-49.690775157721404,-20.571394679505513,46.6
São José do Rio Preto,SAO JOSE DO RIO PRETO,-49.64064916486753,-20.62152067235938,-49.59052317201367,-20.571394679505513,65.8
São José do Rio Preto,SAO JOSE DO RIO PRETO,-49.59052317201367,-20.62152067235938,-49.5403971791598,-20.571394679505513,68.5
São José do Rio Preto,SAO JOSE DO RIO PRETO,-49.5403971791598,-20.62152067235938,-49.490271186305925,-20.571394679505513,34.3
São José do Rio Preto,SAO JOSE DO RIO PRETO,-49.490271186305925,-20.62152067235938,-49.440145193452054,-20.571394679505513,33.4
São José do Rio Preto,SAO JOSE DO RIO PRETO,-49.740901150575276,-20.671646665213252,-49.690775157721404,-20.62152067235938,46.8
São José do Rio Preto,SAO JOSE DO RIO PRETO,-49.690775157721404,-20.671646665213252,-49.64064916486753,-20.62152067235938,53.1
São José do Rio Preto,SAO JOSE DO RIO PRETO,-49.64064916486753,-20.671646665213252,-49.59052317201367,-20.62152067235938,40.1
São José do Rio Preto,SAO JOSE DO RIO PRETO,-49.59052317201367,-20.671646665213252,-49.5403971791598,-20.62152067235938,141.1
São José do Rio Preto,SAO JOSE DO RIO PRETO,-49.5403971791598,-20.671646665213252,-49.490271186305925,-20.62152067235938,68.0
São José do Rio Preto,SAO JOSE DO RIO PRETO,-49.490271186305925,-20.671646665213252,-49.440145193452054,-20.62152067235938,48.3
São José do Rio Preto,SAO JOSE DO RIO PRETO,-49.39001920059819,-20.671646665213252,-49.33989320774432,-20.62152067235938,50.7
São José do Rio Preto,SAO JOSE DO RIO PRETO,-49.89127912913688,-20.72177265806712,-49.84115313628301,-20.671646665213252,30.8
São José do Rio Preto,SAO JOSE DO RIO PRETO,-49.690775157721404,-20.72177265806712,-49.64064916486753,-20.671646665213252,103.6
São José do Rio Preto,SAO JOSE DO RIO PRETO,-49.64064916486753,-20.72177265806712,-49.59052317201367,-20.671646665213252,100.6
São José do Rio Preto,SAO JOSE DO RIO PRETO,-49.59052317201367,-20.72177265806712,-49.5403971791598,-20.671646665213252,116.4
São José do Rio Preto,SAO JOSE DO RIO PRETO,-49.5403971791598,-20.72177265806712,-49.490271186305925,-20.671646665213252,112.2
São José do Rio Preto,SAO JOSE DO RIO PRETO,-49.490271186305925,-20.72177265806712,-49.440145193452054,-20.671646665213252,42.7
São José do Rio Preto,SAO JOSE DO RIO PRETO,-49.440145193452054,-20.72177265806712,-49.39001920059819,-20.671646665213252,36.6
São José do Rio Preto,SAO JOSE DO RIO PRETO,-49.89127912913688,-20.77189865092099,-49.84115313628301,-20.72177265806712,52.3
São José do Rio Preto,SAO JOSE DO RIO PRETO,-49.79102714342914,-20.77189865092099,-49.740901150575276,-20.72177265806712,36.6
São José do Rio Preto,SAO JOSE DO RIO PRETO,-49.740901150575276,-20.77189865092099,-49.690775157721404,-20.72177265806712,56.8
São José do Rio Preto,SAO JOSE DO RIO PRETO,-49.64064916486753,-20.77189865092099,-49.59052317201367,-20.72177265806712,72.2
São José do Rio Preto,SAO JOSE DO RIO PRETO,-49.59052317201367,-20.77189865092099,-49.5403971791598,-20.72177265806712,67.9
São José do Rio Preto,SAO JOSE DO RIO PRETO,-49.490271186305925,-20.77189865092099,-49.440145193452054,-20.72177265806712,40.1
São José do Rio Preto,SAO JOSE DO RIO PRETO,-49.23964122203658,-20.77189865092099,-49.18951522918271,-20.72177265806712,31.1
São José do Rio Preto,SAO JOSE DO RIO PRETO,-49.94140512199075,-20.82202464377486,-49.89127912913688,-20.77189865092099,31.2
São José do Rio Preto,SAO JOSE DO RIO PRETO,-49.89127912913688,-20.82202464377486,-49.84115313628301,-20.77189865092099,131.7
São José do Rio Preto,SAO JOSE DO RIO PRETO,-49.84115313628301,-20.82202464377486,-49.79102714342914,-20.77189865092099,47.0
São José do Rio Preto,SAO JOSE DO RIO PRETO,-49.79102714342914,-20.82202464377486,-49.740901150575276,-20.77189865092099,69.8
São José do Rio Preto,SAO JOSE DO RIO PRETO,-49.740901150575276,-20.82202464377486,-49.690775157721404,-20.77189865092099,79.5
São José do Rio Preto,SAO JOSE DO RIO PRETO,-49.690775157721404,-20.82202464377486,-49.64064916486753,-20.77189865092099,93.9
São José do Rio Preto,SAO JOSE DO RIO PRETO,-49.64064916486753,-20.82202464377486,-49.59052317201367,-20.77189865092099,67.2
São José do Rio Preto,SAO JOSE DO RIO PRETO,-49.59052317201367,-20.82202464377486,-49.5403971791598,-20.77189865092099,68.1
São José do Rio Preto,SAO JOSE DO RIO PRETO,-49.94140512199075,-20.872150636628728,-49.89127912913688,-20.82202464377486,74.1
São José do Rio Preto,SAO JOSE DO RIO PRETO,-49.89127912913688,-20.872150636628728,-49.84115313628301,-20.82202464377486,94.3
São José do Rio Preto,SAO JOSE DO RIO PRETO,-49.84115313628301,-20.872150636628728,-49.79102714342914,-20.82202464377486,39.9
São José do Rio Preto,SAO JOSE DO RIO PRETO,-49.79102714342914,-20.872150636628728,-49.740901150575276,-20.82202464377486,39.0
São José do Rio Preto,SAO JOSE DO RIO PRETO,-49.740901150575276,-20.872150636628728,-49.690775157721404,-20.82202464377486,108.1
São José do Rio Preto,SAO JOSE DO RIO PRETO,-49.690775157721404,-20.872150636628728,-49.64064916486753,-20.82202464377486,158.5
São José do Rio Preto,SAO JOSE DO RIO PRETO,-49.64064916486753,-20.872150636628728,-49.59052317201367,-20.82202464377486,48.4
São José do Rio Preto,SAO JOSE DO RIO PRETO,-49.59052317201367,-20.872150636628728,-49.5403971791598,-20.82202464377486,143.4
São José do Rio Preto,SAO JOSE DO RIO PRETO,-49.5403971791598,-20.872150636628728,-49.490271186305925,-20.82202464377486,85.8
São José do Rio Preto,SAO JOSE DO RIO PRETO,-49.289767214890446,-20.872150636628728,-49.23964122203658,-20.82202464377486,66.6
São José do Rio Preto,SAO JOSE DO RIO PRETO,-49.23964122203658,-20.872150636628728,-49.18951522918271,-20.82202464377486,41.2
São José do Rio Preto,SAO JOSE DO RIO PRETO,-49.84115313628301,-20.9222766294826,-49.79102714342914,-20.872150636628728,66.5
São José do Rio Preto,SAO JOSE DO RIO PRETO,-49.79102714342914,-20.9222766294826,-49.740901150575276,-20.872150636628728,46.2
São José do Rio Preto,SAO JOSE DO RIO PRETO,-49.64064916486753,-20.9222766294826,-49.59052317201367,-20.872150636628728,130.3
São José do Rio Preto,SAO JOSE DO RIO PRETO,-49.59052317201367,-20.9222766294826,-49.5403971791598,-20.872150636628728,302.3
São José do Rio Preto,SAO JOSE DO RIO PRETO,-49.5403971791598,-20.9222766294826,-49.490271186305925,-20.872150636628728,263.0
São José do Rio Preto,SAO JOSE DO RIO PRETO,-49.490271186305925,-20.9222766294826,-49.440145193452054,-20.872150636628728,34.2
São José do Rio Preto,SAO JOSE DO RIO PRETO,-49.440145193452054,-20.9222766294826,-49.39001920059819,-20.872150636628728,36.7
São José do Rio Preto,SAO JOSE DO RIO PRETO,-49.289767214890446,-20.9222766294826,-49.23964122203658,-20.872150636628728,45.7
São José do Rio Preto,SAO JOSE DO RIO PRETO,-49.84115313628301,-20.972402622336467,-49.79102714342914,-20.9222766294826,36.1
São José do Rio Preto,SAO JOSE DO RIO PRETO,-49.79102714342914,-20.972402622336467,-49.740901150575276,-20.9222766294826,248.4
São José do Rio Preto,SAO JOSE DO RIO PRETO,-49.690775157721404,-20.972402622336467,-49.64064916486753,-20.9222766294826,85.4
São José do Rio Preto,SAO JOSE DO RIO PRETO,-49.59052317201367,-20.972402622336467,-49.5403971791598,-20.9222766294826,42.2
São José do Rio Preto,SAO JOSE DO RIO PRETO,-49.5403971791598,-20.972402622336467,-49.490271186305925,-20.9222766294826,33.7
São José do Rio Preto,SAO JOSE DO RIO PRETO,-49.490271186305925,-20.972402622336467,-49.440145193452054,-20.9222766294826,112.5
São José do Rio Preto,SAO JOSE DO RIO PRETO,-49.79102714342914,-21.022528615190335,-49.740901150575276,-20.972402622336467,221.1
São José do Rio Preto,SAO JOSE DO RIO PRETO,-49.59052317201367,-21.022528615190335,-49.5403971791598,-20.972402622336467,38.3
São José do Rio Preto,SAO JOSE DO RIO PRETO,-49.490271186305925,-21.022528615190335,-49.440145193452054,-20.972402622336467,126.7
São José do Rio Preto,SAO JOSE DO RIO PRETO,-49.5403971791598,-21.072654608044207,-49.490271186305925,-21.022528615190335,48.6
São José do Rio Preto,SAO JOSE DO RIO PRETO,-49.690775157721404,-21.273158579459682,-49.64064916486753,-21.223032586605814,78.3
São João da Boa Vista,SAO JOAO DA BOA VISTA,-47.099178021226464,-21.363847114797217,-47.04905202837259,-21.313721121943345,120.0
São João da Boa Vista,SAO JOAO DA BOA VISTA,-47.099178021226464,-21.413973107651085,-47.04905202837259,-21.363847114797217,108.7
São João da Boa Vista,SAO JOAO DA BOA VISTA,-46.74829607124938,-21.413973107651085,-46.698170078395506,-21.363847114797217,38.4
São João da Boa Vista,SAO JOAO DA BOA VISTA,-46.698170078395506,-21.413973107651085,-46.64804408554164,-21.363847114797217,238.2
São João da Boa Vista,SAO JOAO DA BOA VISTA,-46.64804408554164,-21.413973107651085,-46.59791809268777,-21.363847114797217,93.4
São João da Boa Vista,SAO JOAO DA BOA VISTA,-46.94880004266486,-21.464099100504953,-46.898674049810985,-21.413973107651085,55.1
São João da Boa Vista,SAO JOAO DA BOA VISTA,-46.848548056957114,-21.464099100504953,-46.79842206410325,-21.413973107651085,54.6
São João da Boa Vista,SAO JOAO DA BOA VISTA,-46.79842206410325,-21.464099100504953,-46.74829607124938,-21.413973107651085,51.1
São João da Boa Vista,SAO JOAO DA BOA VISTA,-46.74829607124938,-21.464099100504953,-46.698170078395506,-21.413973107651085,124.6
São João da Boa Vista,SAO JOAO DA BOA VISTA,-46.698170078395506,-21.464099100504953,-46.64804408554164,-21.413973107651085,391.0
São João da Boa Vista,SAO JOAO DA BOA VISTA,-46.64804408554164,-21.464099100504953,-46.59791809268777,-21.413973107651085,582.3
São João da Boa Vista,SAO JOAO DA BOA VISTA,-46.59791809268777,-21.464099100504953,-46.5477920998339,-21.413973107651085,508.4
São João da Boa Vista,SAO JOAO DA BOA VISTA,-46.5477920998339,-21.464099100504953,-46.497666106980034,-21.413973107651085,254.7
São João da Boa Vista,SAO JOAO DA BOA VISTA,-46.94880004266486,-21.514225093358824,-46.898674049810985,-21.464099100504953,190.3
São João da Boa Vista,SAO JOAO DA BOA VISTA,-46.74829607124938,-21.514225093358824,-46.698170078395506,-21.464099100504953,61.8
São João da Boa Vista,SAO JOAO DA BOA VISTA,-46.698170078395506,-21.514225093358824,-46.64804408554164,-21.464099100504953,255.4
São João da Boa Vista,SAO JOAO DA BOA VISTA,-46.64804408554164,-21.514225093358824,-46.59791809268777,-21.464099100504953,349.3
São João da Boa Vista,SAO JOAO DA BOA VISTA,-46.59791809268777,-21.514225093358824,-46.5477920998339,-21.464099100504953,402.2
São João da Boa Vista,SAO JOAO DA BOA VISTA,-46.5477920998339,-21.514225093358824,-46.497666106980034,-21.464099100504953,263.8
São João da Boa Vista,SAO JOAO DA BOA VISTA,-47.04905202837259,-21.564351086212692,-46.99892603551873,-21.514225093358824,86.4
São João da Boa Vista,SAO JOAO DA BOA VISTA,-46.94880004266486,-21.564351086212692,-46.898674049810985,-21.514225093358824,37.0
São João da Boa Vista,SAO JOAO DA BOA VISTA,-46.898674049810985,-21.564351086212692,-46.848548056957114,-21.514225093358824,57.2
São João da Boa Vista,SAO JOAO DA BOA VISTA,-46.79842206410325,-21.564351086212692,-46.74829607124938,-21.514225093358824,31.3
São João da Boa Vista,SAO JOAO DA BOA VISTA,-46.74829607124938,-21.564351086212692,-46.698170078395506,-21.514225093358824,232.6
São João da Boa Vista,SAO JOAO DA BOA VISTA,-46.698170078395506,-21.564351086212692,-46.64804408554164,-21.514225093358824,448.2
São João da Boa Vista,SAO JOAO DA BOA VISTA,-46.64804408554164,-21.564351086212692,-46.59791809268777,-21.514225093358824,50.9
São João da Boa Vista,SAO JOAO DA BOA VISTA,-46.59791809268777,-21.564351086212692,-46.5477920998339,-21.514225093358824,67.9
São João da Boa Vista,SAO JOAO DA BOA VISTA,-46.5477920998339,-21.564351086212692,-46.497666106980034,-21.514225093358824,44.0
São João da Boa Vista,SAO JOAO DA BOA VISTA,-46.99892603551873,-21.614477079066564,-46.94880004266486,-21.564351086212692,44.3
São João da Boa Vista,SAO JOAO DA BOA VISTA,-46.94880004266486,-21.614477079066564,-46.898674049810985,-21.564351086212692,72.6
São João da Boa Vista,SAO JOAO DA BOA VISTA,-46.898674049810985,-21.614477079066564,-46.848548056957114,-21.564351086212692,44.5
São João da Boa Vista,SAO JOAO DA BOA VISTA,-46.848548056957114,-21.614477079066564,-46.79842206410325,-21.564351086212692,41.9
São João da Boa Vista,SAO JOAO DA BOA VISTA,-46.74829607124938,-21.614477079066564,-46.698170078395506,-21.564351086212692,168.1
São João da Boa Vista,SAO JOAO DA BOA VISTA,-46.698170078395506,-21.614477079066564,-46.64804408554164,-21.564351086212692,627.1
São João da Boa Vista,SAO JOAO DA BOA VISTA,-46.64804408554164,-21.614477079066564,-46.59791809268777,-21.564351086212692,369.0
São João da Boa Vista,SAO JOAO DA BOA VISTA,-46.59791809268777,-21.614477079066564,-46.5477920998339,-21.564351086212692,298.8
São João da Boa Vista,SAO JOAO DA BOA VISTA,-46.5477920998339,-21.614477079066564,-46.497666106980034,-21.564351086212692,414.4
São João da Boa Vista,SAO JOAO DA BOA VISTA,-47.39993397834968,-21.664603071920432,-47.34980798549581,-21.614477079066564,88.1
São João da Boa Vista,SAO JOAO DA BOA VISTA,-46.94880004266486,-21.664603071920432,-46.898674049810985,-21.614477079066564,32.1
São João da Boa Vista,SAO JOAO DA BOA VISTA,-46.898674049810985,-21.664603071920432,-46.848548056957114,-21.614477079066564,62.2
São João da Boa Vista,SAO JOAO DA BOA VISTA,-46.848548056957114,-21.664603071920432,-46.79842206410325,-21.614477079066564,268.1
São João da Boa Vista,SAO JOAO DA BOA VISTA,-46.79842206410325,-21.664603071920432,-46.74829607124938,-21.614477079066564,85.8
São João da Boa Vista,SAO JOAO DA BOA VISTA,-46.74829607124938,-21.664603071920432,-46.698170078395506,-21.614477079066564,83.7
São João da Boa Vista,SAO JOAO DA BOA VISTA,-46.698170078395506,-21.664603071920432,-46.64804408554164,-21.614477079066564,523.8
São João da Boa Vista,SAO JOAO DA BOA VISTA,-46.64804408554164,-21.664603071920432,-46.59791809268777,-21.614477079066564,777.6
São João da Boa Vista,SAO JOAO DA BOA VISTA,-46.59791809268777,-21.664603071920432,-46.5477920998339,-21.614477079066564,455.3
São João da Boa Vista,SAO JOAO DA BOA VISTA,-46.5477920998339,-21.664603071920432,-46.497666106980034,-21.614477079066564,109.2
São João da Boa Vista,SAO JOAO DA BOA VISTA,-47.29968199264194,-21.7147290647743,-47.24955599978807,-21.664603071920432,35.1
São João da Boa Vista,SAO JOAO DA BOA VISTA,-46.94880004266486,-21.7147290647743,-46.898674049810985,-21.664603071920432,31.3
São João da Boa Vista,SAO JOAO DA BOA VISTA,-46.898674049810985,-21.7147290647743,-46.848548056957114,-21.664603071920432,64.4
São João da Boa Vista,SAO JOAO DA BOA VISTA,-46.848548056957114,-21.7147290647743,-46.79842206410325,-21.664603071920432,117.5
São João da Boa Vista,SAO JOAO DA BOA VISTA,-46.79842206410325,-21.7147290647743,-46.74829607124938,-21.664603071920432,241.5
São João da Boa Vista,SAO JOAO DA BOA VISTA,-46.74829607124938,-21.7147290647743,-46.698170078395506,-21.664603071920432,138.8
São João da Boa Vista,SAO JOAO DA BOA VISTA,-46.698170078395506,-21.7147290647743,-46.64804408554164,-21.664603071920432,97.2
São João da Boa Vista,SAO JOAO DA BOA VISTA,-46.64804408554164,-21.7147290647743,-46.59791809268777,-21.664603071920432,338.6
São João da Boa Vista,SAO JOAO DA BOA VISTA,-46.59791809268777,-21.7147290647743,-46.5477920998339,-21.664603071920432,164.1
São João da Boa Vista,SAO JOAO DA BOA VISTA,-47.24955599978807,-21.76485505762817,-47.1994300069342,-21.7147290647743,73.6
São João da Boa Vista,SAO JOAO DA BOA VISTA,-46.898674049810985,-21.76485505762817,-46.848548056957114,-21.7147290647743,329.2
São João da Boa Vista,SAO JOAO DA BOA VISTA,-46.848548056957114,-21.76485505762817,-46.79842206410325,-21.7147290647743,327.5
São João da Boa Vista,SAO JOAO DA BOA VISTA,-46.79842206410325,-21.76485505762817,-46.74829607124938,-21.7147290647743,742.1
São João da Boa Vista,SAO JOAO DA BOA VISTA,-46.74829607124938,-21.76485505762817,-46.698170078395506,-21.7147290647743,123.0
São João da Boa Vista,SAO JOAO DA BOA VISTA,-46.698170078395506,-21.76485505762817,-46.64804408554164,-21.7147290647743,118.7
São João da Boa Vista,SAO JOAO DA BOA VISTA,-46.848548056957114,-21.81498105048204,-46.79842206410325,-21.76485505762817,32.5
São João da Boa Vista,SAO JOAO DA BOA VISTA,-46.79842206410325,-21.81498105048204,-46.74829607124938,-21.76485505762817,255.5
São João da Boa Vista,SAO JOAO DA BOA VISTA,-46.74829607124938,-21.81498105048204,-46.698170078395506,-21.76485505762817,306.3
São João da Boa Vista,SAO JOAO DA BOA VISTA,-46.698170078395506,-21.81498105048204,-46.64804408554164,-21.76485505762817,334.2
São João da Boa Vista,SAO JOAO DA BOA VISTA,-47.29968199264194,-21.865107043335907,-47.24955599978807,-21.81498105048204,111.2
São João da Boa Vista,SAO JOAO DA BOA VISTA,-46.848548056957114,-21.865107043335907,-46.79842206410325,-21.81498105048204,33.3
São João da Boa Vista,SAO JOAO DA BOA VISTA,-47.099178021226464,-21.91523303618978,-47.04905202837259,-21.865107043335907,222.2
São João da Boa Vista,SAO JOAO DA BOA VISTA,-46.74829607124938,-21.91523303618978,-46.698170078395506,-21.865107043335907,41.7
São João da Boa Vista,SAO JOAO DA BOA VISTA,-47.149304014080336,-21.965359029043647,-47.099178021226464,-21.91523303618978,50.0
São João da Boa Vista,SAO JOAO DA BOA VISTA,-46.74829607124938,-21.965359029043647,-46.698170078395506,-21.91523303618978,51.1
São João da Boa Vista,SAO JOAO DA BOA VISTA,-46.94880004266486,-22.01548502189752,-46.898674049810985,-21.965359029043647,129.0
São João da Boa Vista,SAO JOAO DA BOA VISTA,-46.898674049810985,-22.01548502189752,-46.848548056957114,-21.965359029043647,58.0
São João da Boa Vista,SAO JOAO DA BOA VISTA,-46.848548056957114,-22.01548502189752,-46.79842206410325,-21.965359029043647,35.9
São João da Boa Vista,SAO JOAO DA BOA VISTA,-46.74829607124938,-22.01548502189752,-46.698170078395506,-21.965359029043647,215.4
São João da Boa Vista,SAO JOAO DA BOA VISTA,-46.698170078395506,-22.01548502189752,-46.64804408554164,-21.965359029043647,158.4
São João da Boa Vista,SAO JOAO DA BOA VISTA,-46.898674049810985,-22.065611014751386,-46.848548056957114,-22.01548502189752,67.2
São João da Boa Vista,SAO JOAO DA BOA VISTA,-46.848548056957114,-22.065611014751386,-46.79842206410325,-22.01548502189752,148.3
São João da Boa Vista,SAO JOAO DA BOA VISTA,-46.79842206410325,-22.065611014751386,-46.74829607124938,-22.01548502189752,146.8
São João da Boa Vista,SAO JOAO DA BOA VISTA,-46.74829607124938,-22.065611014751386,-46.698170078395506,-22.01548502189752,120.1
São João da Boa Vista,SAO JOAO DA BOA VISTA,-46.698170078395506,-22.065611014751386,-46.64804408554164,-22.01548502189752,191.6
São João da Boa Vista,SAO JOAO DA BOA VISTA,-46.848548056957114,-22.115737007605254,-46.79842206410325,-22.065611014751386,215.3
São João da Boa Vista,SAO JOAO DA BOA VISTA,-46.79842206410325,-22.115737007605254,-46.74829607124938,-22.065611014751386,220.8
São João da Boa Vista,SAO JOAO DA BOA VISTA,-46.74829607124938,-22.115737007605254,-46.698170078395506,-22.065611014751386,403.3
São João da Boa Vista,SAO JOAO DA BOA VISTA,-46.698170078395506,-22.115737007605254,-46.64804408554164,-22.065611014751386,322.9
São João da Boa Vista,SAO JOAO DA BOA VISTA,-46.64804408554164,-22.115737007605254,-46.59791809268777,-22.065611014751386,154.6
São João da Boa Vista,SAO JOAO DA BOA VISTA,-46.848548056957114,-22.165863000459126,-46.79842206410325,-22.115737007605254,117.8
São João da Boa Vista,SAO JOAO DA BOA VISTA,-46.79842206410325,-22.165863000459126,-46.74829607124938,-22.115737007605254,428.1
São João da Boa Vista,SAO JOAO DA BOA VISTA,-46.74829607124938,-22.165863000459126,-46.698170078395506,-22.115737007605254,501.9
São João da Boa Vista,SAO JOAO DA BOA VISTA,-46.698170078395506,-22.165863000459126,-46.64804408554164,-22.115737007605254,560.5
São João da Boa Vista,SAO JOAO DA BOA VISTA,-46.64804408554164,-22.165863000459126,-46.59791809268777,-22.115737007605254,308.6
São João da Boa Vista,SAO JOAO DA BOA VISTA,-46.848548056957114,-22.215988993312994,-46.79842206410325,-22.165863000459126,108.7
São João da Boa Vista,SAO JOAO DA BOA VISTA,-46.79842206410325,-22.215988993312994,-46.74829607124938,-22.165863000459126,147.9
São João da Boa Vista,SAO JOAO DA BOA VISTA,-46.74829607124938,-22.215988993312994,-46.698170078395506,-22.165863000459126,145.2
São João da Boa Vista,SAO JOAO DA BOA VISTA,-46.698170078395506,-22.215988993312994,-46.64804408554164,-22.165863000459126,212.9
São João da Boa Vista,SAO JOAO DA BOA VISTA,-46.898674049810985,-22.266114986166862,-46.848548056957114,-22.215988993312994,102.3
São João da Boa Vista,SAO JOAO DA BOA VISTA,-46.848548056957114,-22.266114986166862,-46.79842206410325,-22.215988993312994,311.2
São João da Boa Vista,SAO JOAO DA BOA VISTA,-46.79842206410325,-22.266114986166862,-46.74829607124938,-22.215988993312994,447.4
São João da Boa Vista,SAO JOAO DA BOA VISTA,-46.74829607124938,-22.266114986166862,-46.698170078395506,-22.215988993312994,222.1
São João da Boa Vista,SAO JOAO DA BOA VISTA,-46.698170078395506,-22.266114986166862,-46.64804408554164,-22.215988993312994,91.1
Votuporanga,VOTUPORANGA,-49.701769903273195,-20.058026227302623,-49.651643910419324,-20.007900234448755,40.9
Votuporanga,VOTUPORANGA,-49.55139192471159,-20.058026227302623,-49.501265931857716,-20.007900234448755,34.5
Votuporanga,VOTUPORANGA,-49.75189589612707,-20.358782184425838,-49.701769903273195,-20.30865619157197,56.3
Votuporanga,VOTUPORANGA,-49.80202188898094,-20.459034170133577,-49.75189589612707,-20.40890817727971,52.4
Votuporanga,VOTUPORANGA,-49.75189589612707,-20.459034170133577,-49.701769903273195,-20.40890817727971,55.5
Votuporanga,VOTUPORANGA,-49.902273874688674,-20.509160162987445,-49.8521478818348,-20.459034170133577,40.1
Votuporanga,VOTUPORANGA,-49.8521478818348,-20.509160162987445,-49.80202188898094,-20.459034170133577,71.7
Votuporanga,VOTUPORANGA,-49.80202188898094,-20.509160162987445,-49.75189589612707,-20.459034170133577,42.7
Votuporanga,VOTUPORANGA,-49.75189589612707,-20.509160162987445,-49.701769903273195,-20.459034170133577,42.9
