edr_chave,ano,janela,ndvi,n_cenas
ARARAQUARA,2017,florada,,0
ARARAQUARA,2017,enchimento,0.7267,1
ARARAQUARA,2018,florada,0.4927,3
ARARAQUARA,2018,enchimento,0.7311,3
ARARAQUARA,2019,florada,0.4629,3
ARARAQUARA,2019,enchimento,0.7122,3
ARARAQUARA,2020,florada,0.5221,3
ARARAQUARA,2020,enchimento,0.7701,3
ARARAQUARA,2021,florada,0.4427,3
ARARAQUARA,2021,enchimento,0.7183,3
ARARAQUARA,2022,florada,0.4417,3
ARARAQUARA,2022,enchimento,0.6439,3
ARARAQUARA,2023,florada,0.4975,3
ARARAQUARA,2023,enchimento,0.5706,2
ARARAQUARA,2024,florada,0.5996,3
ARARAQUARA,2024,enchimento,0.7507,3
ARARAQUARA,2025,florada,0.4182,3
ARARAQUARA,2025,enchimento,0.6913,3
ARARAQUARA,2026,florada,0.4757,3
ARARAQUARA,2026,enchimento,0.6906,3
AVARE,2017,florada,,0
AVARE,2017,enchimento,0.7001,3
AVARE,2018,florada,0.5075,3
AVARE,2018,enchimento,0.6902,3
AVARE,2019,florada,0.5533,3
AVARE,2019,enchimento,0.7051,3
AVARE,2020,florada,0.5094,3
AVARE,2020,enchimento,0.6668,3
AVARE,2021,florada,0.4677,3
AVARE,2021,enchimento,0.6549,3
AVARE,2022,florada,0.4503,3
AVARE,2022,enchimento,0.7183,3
AVARE,2023,florada,0.5365,3
AVARE,2023,enchimento,0.6723,3
AVARE,2024,florada,0.5096,3
AVARE,2024,enchimento,0.6781,3
AVARE,2025,florada,0.4244,3
AVARE,2025,enchimento,0.7371,3
AVARE,2026,florada,0.4673,3
AVARE,2026,enchimento,0.66,3
BAURU,2017,florada,,0
BAURU,2017,enchimento,0.8016,3
BAURU,2018,florada,0.6312,3
BAURU,2018,enchimento,0.8023,3
BAURU,2019,florada,0.6773,3
BAURU,2019,enchimento,0.7639,3
BAURU,2020,florada,0.6197,3
BAURU,2020,enchimento,0.7962,3
BAURU,2021,florada,0.5493,3
BAURU,2021,enchimento,0.7676,3
BAURU,2022,florada,0.5482,3
BAURU,2022,enchimento,0.6825,3
BAURU,2023,florada,0.613,3
BAURU,2023,enchimento,0.7673,3
BAURU,2024,florada,0.6675,3
BAURU,2024,enchimento,0.7387,3
BAURU,2025,florada,0.4792,3
BAURU,2025,enchimento,0.6714,3
BAURU,2026,florada,0.5289,3
BAURU,2026,enchimento,0.6966,3
BOTUCATU,2017,florada,,0
BOTUCATU,2017,enchimento,0.747,2
BOTUCATU,2018,florada,0.6257,3
BOTUCATU,2018,enchimento,0.7376,3
BOTUCATU,2019,florada,0.6495,3
BOTUCATU,2019,enchimento,0.751,3
BOTUCATU,2020,florada,0.621,3
BOTUCATU,2020,enchimento,0.7596,3
BOTUCATU,2021,florada,0.6003,3
BOTUCATU,2021,enchimento,0.7707,3
BOTUCATU,2022,florada,0.536,3
BOTUCATU,2022,enchimento,0.7081,3
BOTUCATU,2023,florada,0.6561,3
BOTUCATU,2023,enchimento,0.7405,3
BOTUCATU,2024,florada,0.7017,3
BOTUCATU,2024,enchimento,0.7372,3
BOTUCATU,2025,florada,0.5559,3
BOTUCATU,2025,enchimento,0.7354,3
BOTUCATU,2026,florada,0.5412,3
BOTUCATU,2026,enchimento,0.7269,3
BRAGANCA PAULISTA,2017,florada,,0
BRAGANCA PAULISTA,2017,enchimento,0.4541,3
BRAGANCA PAULISTA,2018,florada,0.5897,3
BRAGANCA PAULISTA,2018,enchimento,0.7007,3
BRAGANCA PAULISTA,2019,florada,0.583,3
BRAGANCA PAULISTA,2019,enchimento,0.6503,3
BRAGANCA PAULISTA,2020,florada,0.5613,3
BRAGANCA PAULISTA,2020,enchimento,0.695,3
BRAGANCA PAULISTA,2021,florada,0.4935,3
BRAGANCA PAULISTA,2021,enchimento,0.6703,3
BRAGANCA PAULISTA,2022,florada,0.5196,3
BRAGANCA PAULISTA,2022,enchimento,0.7082,3
BRAGANCA PAULISTA,2023,florada,0.5685,3
BRAGANCA PAULISTA,2023,enchimento,0.6925,3
BRAGANCA PAULISTA,2024,florada,0.5951,3
BRAGANCA PAULISTA,2024,enchimento,0.6474,3
BRAGANCA PAULISTA,2025,florada,0.4901,3
BRAGANCA PAULISTA,2025,enchimento,0.6958,3
BRAGANCA PAULISTA,2026,florada,0.5894,3
BRAGANCA PAULISTA,2026,enchimento,0.6275,3
FRANCA,2017,florada,,0
FRANCA,2017,enchimento,0.7239,2
FRANCA,2018,florada,0.4463,3
FRANCA,2018,enchimento,0.7125,3
FRANCA,2019,florada,0.4597,3
FRANCA,2019,enchimento,0.721,3
FRANCA,2020,florada,0.5221,3
FRANCA,2020,enchimento,0.7402,3
FRANCA,2021,florada,0.4094,3
FRANCA,2021,enchimento,0.7456,3
FRANCA,2022,florada,0.4253,3
FRANCA,2022,enchimento,0.6612,3
FRANCA,2023,florada,0.4092,3
FRANCA,2023,enchimento,0.6577,3
FRANCA,2024,florada,0.5818,3
FRANCA,2024,enchimento,0.7043,3
FRANCA,2025,florada,0.3829,3
FRANCA,2025,enchimento,0.7176,3
FRANCA,2026,florada,0.5225,3
FRANCA,2026,enchimento,0.7345,3
JAU,2017,florada,,0
JAU,2017,enchimento,0.6422,3
JAU,2018,florada,0.3985,3
JAU,2018,enchimento,0.7236,3
JAU,2019,florada,0.4032,3
JAU,2019,enchimento,0.609,3
JAU,2020,florada,0.4055,3
JAU,2020,enchimento,0.6867,3
JAU,2021,florada,0.3141,3
JAU,2021,enchimento,0.6004,3
JAU,2022,florada,0.3193,3
JAU,2022,enchimento,0.6214,3
JAU,2023,florada,0.3443,3
JAU,2023,enchimento,0.6403,3
JAU,2024,florada,0.422,3
JAU,2024,enchimento,0.651,3
JAU,2025,florada,0.2726,3
JAU,2025,enchimento,0.7005,3
JAU,2026,florada,0.3835,3
JAU,2026,enchimento,0.6877,3
LINS,2017,florada,,0
LINS,2017,enchimento,0.7109,3
LINS,2018,florada,0.4935,3
LINS,2018,enchimento,0.7055,3
LINS,2019,florada,0.5431,3
LINS,2019,enchimento,0.691,3
LINS,2020,florada,0.5065,3
LINS,2020,enchimento,0.7051,3
LINS,2021,florada,0.4881,3
LINS,2021,enchimento,0.6779,3
LINS,2022,florada,0.4359,3
LINS,2022,enchimento,0.6885,3
LINS,2023,florada,0.5689,3
LINS,2023,enchimento,0.7073,3
LINS,2024,florada,0.5253,3
LINS,2024,enchimento,0.6791,3
LINS,2025,florada,0.3624,3
LINS,2025,enchimento,0.6697,3
LINS,2026,florada,0.4419,3
LINS,2026,enchimento,0.7211,3
MARILIA,2017,florada,,0
MARILIA,2017,enchimento,0.7278,3
MARILIA,2018,florada,0.6229,3
MARILIA,2018,enchimento,0.7371,3
MARILIA,2019,florada,0.649,3
MARILIA,2019,enchimento,0.7238,3
MARILIA,2020,florada,0.6073,3
MARILIA,2020,enchimento,0.6987,3
MARILIA,2021,florada,0.5609,3
MARILIA,2021,enchimento,0.7117,3
MARILIA,2022,florada,0.5234,3
MARILIA,2022,enchimento,0.7118,3
MARILIA,2023,florada,0.6285,3
MARILIA,2023,enchimento,0.7284,3
MARILIA,2024,florada,0.6257,3
MARILIA,2024,enchimento,0.6985,3
MARILIA,2025,florada,0.4518,3
MARILIA,2025,enchimento,0.7058,3
MARILIA,2026,florada,0.5153,3
MARILIA,2026,enchimento,0.7321,3
ORLANDIA,2017,florada,,0
ORLANDIA,2017,enchimento,0.7131,2
ORLANDIA,2018,florada,0.3872,3
ORLANDIA,2018,enchimento,0.6633,3
ORLANDIA,2019,florada,0.4182,3
ORLANDIA,2019,enchimento,0.718,3
ORLANDIA,2020,florada,0.4354,3
ORLANDIA,2020,enchimento,0.7274,3
ORLANDIA,2021,florada,0.358,3
ORLANDIA,2021,enchimento,0.7608,3
ORLANDIA,2022,florada,0.2921,3
ORLANDIA,2022,enchimento,0.7295,3
ORLANDIA,2023,florada,0.3508,3
ORLANDIA,2023,enchimento,0.7502,3
ORLANDIA,2024,florada,0.4468,3
ORLANDIA,2024,enchimento,0.6684,3
ORLANDIA,2025,florada,0.247,3
ORLANDIA,2025,enchimento,0.6936,3
ORLANDIA,2026,florada,0.3235,3
ORLANDIA,2026,enchimento,0.7424,3
OURINHOS,2017,florada,,0
OURINHOS,2017,enchimento,0.6562,3
OURINHOS,2018,florada,0.4951,3
OURINHOS,2018,enchimento,0.6742,3
OURINHOS,2019,florada,0.5555,3
OURINHOS,2019,enchimento,0.7005,3
OURINHOS,2020,florada,0.4758,3
OURINHOS,2020,enchimento,0.6638,3
OURINHOS,2021,florada,0.543,3
OURINHOS,2021,enchimento,0.6417,3
OURINHOS,2022,florada,0.4546,3
OURINHOS,2022,enchimento,0.6559,3
OURINHOS,2023,florada,0.5559,3
OURINHOS,2023,enchimento,0.6653,3
OURINHOS,2024,florada,0.4923,3
OURINHOS,2024,enchimento,0.6292,3
OURINHOS,2025,florada,0.5265,3
OURINHOS,2025,enchimento,0.6907,3
OURINHOS,2026,florada,0.4376,3
OURINHOS,2026,enchimento,0.6929,3
RIBEIRAO PRETO,2017,florada,,0
RIBEIRAO PRETO,2017,enchimento,0.7146,2
RIBEIRAO PRETO,2018,florada,0.4368,3
RIBEIRAO PRETO,2018,enchimento,0.627,3
RIBEIRAO PRETO,2019,florada,0.4721,3
RIBEIRAO PRETO,2019,enchimento,0.7701,3
RIBEIRAO PRETO,2020,florada,0.5797,3
RIBEIRAO PRETO,2020,enchimento,0.7708,3
RIBEIRAO PRETO,2021,florada,0.4049,3
RIBEIRAO PRETO,2021,enchimento,0.7464,3
RIBEIRAO PRETO,2022,florada,0.3619,3
RIBEIRAO PRETO,2022,enchimento,0.6815,3
RIBEIRAO PRETO,2023,florada,0.5252,3
RIBEIRAO PRETO,2023,enchimento,0.7034,3
RIBEIRAO PRETO,2024,florada,0.5776,3
RIBEIRAO PRETO,2024,enchimento,0.6747,3
RIBEIRAO PRETO,2025,florada,0.3811,3
RIBEIRAO PRETO,2025,enchimento,0.6843,3
RIBEIRAO PRETO,2026,florada,0.5311,3
RIBEIRAO PRETO,2026,enchimento,0.7299,3
SAO JOAO DA BOA VISTA,2017,florada,,0
SAO JOAO DA BOA VISTA,2017,enchimento,0.6735,2
SAO JOAO DA BOA VISTA,2018,florada,0.5165,3
SAO JOAO DA BOA VISTA,2018,enchimento,0.7335,3
SAO JOAO DA BOA VISTA,2019,florada,0.5947,3
SAO JOAO DA BOA VISTA,2019,enchimento,0.7779,3
SAO JOAO DA BOA VISTA,2020,florada,0.594,3
SAO JOAO DA BOA VISTA,2020,enchimento,0.7721,3
SAO JOAO DA BOA VISTA,2021,florada,0.4583,3
SAO JOAO DA BOA VISTA,2021,enchimento,0.7792,3
SAO JOAO DA BOA VISTA,2022,florada,0.4666,3
SAO JOAO DA BOA VISTA,2022,enchimento,0.7695,3
SAO JOAO DA BOA VISTA,2023,florada,0.5849,3
SAO JOAO DA BOA VISTA,2023,enchimento,0.714,3
SAO JOAO DA BOA VISTA,2024,florada,0.6426,3
SAO JOAO DA BOA VISTA,2024,enchimento,0.7498,3
SAO JOAO DA BOA VISTA,2025,florada,0.3913,3
SAO JOAO DA BOA VISTA,2025,enchimento,0.7376,3
SAO JOAO DA BOA VISTA,2026,florada,0.5338,3
SAO JOAO DA BOA VISTA,2026,enchimento,0.7402,3
