edr_chave,edr,ano,chuva_critica_mm,anom_critica_pct,dias_tmax33_critica,chuva_secundaria_mm,anom_secundaria_pct,tmin_fria,dias_frio_fria,chuva_ciclo_mm,rendimento_a1,rendimento_a2,ancora_bienal,delta_bienal,log_capacidade,var_capacidade_pct,razao_preco,capacidade,alvo,anom_ndvi_enchimento,anom_ndvi_florada
ARARAQUARA,Araraquara,2001,432.2,38.0,20,736.5,-0.0,0.9,1,1202.6,,,,,8.13505390861157,,0.902,3412.0,1222.8,,
ARARAQUARA,Araraquara,2002,409.9,30.8,15,934.2,26.8,5.4,0,1354.0,1222.8,,,,8.094683648698815,-3.96,0.72,3277.0,1434.9,,
ARARAQUARA,Araraquara,2003,264.1,-15.7,37,925.2,25.6,5.7,0,1272.0,1434.9,1222.8,1222.8,212.10000000000014,8.224699561967235,13.88,1.032,3732.0,732.3,,
ARARAQUARA,Araraquara,2004,334.7,6.8,26,854.1,15.9,5.8,0,1293.5,732.3,1434.9,1434.9,-702.6000000000001,8.06777619577889,-14.52,1.24,3190.0,1013.9,,
ARARAQUARA,Araraquara,2005,327.3,4.5,26,763.8,3.7,6.0,0,1153.6,1013.9,732.3,977.55,281.6,7.96693349840484,-9.59,1.252,2884.0,978.0,,
ARARAQUARA,Araraquara,2006,356.9,13.9,17,837.3,13.6,8.1,0,1231.8,978.0,1013.9,1224.4,-35.89999999999998,7.969876459067832,0.29,1.18,2892.5,1363.2,,
ARARAQUARA,Araraquara,2007,282.9,-9.7,14,954.5,29.6,6.8,0,1287.7,1363.2,978.0,977.6999999999999,385.20000000000005,7.980194693346223,1.04,1.026,2922.5,784.1,,
ARARAQUARA,Araraquara,2008,224.6,-28.3,34,726.9,-1.3,4.5,0,1069.0,784.1,1363.2,1270.6666666666667,-579.1,7.846785497825781,-12.49,1.017,2557.5,1249.5,,
ARARAQUARA,Araraquara,2009,211.3,-32.6,24,852.0,15.6,7.4,0,1116.8,1249.5,784.1,929.3,465.4,7.7492793602831,-9.29,1.027,2319.9,1628.1,,
ARARAQUARA,Araraquara,2010,442.7,41.3,3,780.9,6.0,3.4,0,1282.0,1628.1,1249.5,1265.375,378.5999999999999,7.785138848540809,3.65,1.038,2404.6,978.1,,
ARARAQUARA,Araraquara,2011,184.3,-41.2,32,851.9,15.6,6.5,0,1109.4,978.1,1628.1,1030.625,-649.9999999999999,7.774435510302958,-1.06,1.239,2379.0,1045.0,,
ARARAQUARA,Araraquara,2012,326.1,4.1,20,533.3,-27.6,3.5,0,957.5,1045.0,978.1,1151.175,66.89999999999998,7.716906135298388,-5.59,1.324,2246.0,963.0,,
ARARAQUARA,Araraquara,2013,278.0,-11.3,42,799.1,8.5,5.9,0,1160.4,963.0,1045.0,1108.8,-82.0,7.411495863024897,-26.32,0.896,1654.9,923.9,,
ARARAQUARA,Araraquara,2014,310.5,-0.9,12,364.0,-50.6,6.4,0,729.3,923.9,963.0,1138.45,-39.10000000000002,7.491087593534876,8.28,0.774,1792.0,852.0,,
ARARAQUARA,Araraquara,2015,265.6,-15.2,37,649.9,-11.8,7.3,0,948.6,852.0,923.9,1095.275,-71.89999999999998,7.507690077819904,1.67,1.213,1822.0,918.9,,
ARARAQUARA,Araraquara,2016,447.4,42.8,36,842.6,14.4,10.1,0,1302.1,918.9,852.0,1010.65,66.89999999999998,7.494430215031565,-1.32,1.161,1798.0,902.5,,
ARARAQUARA,Araraquara,2017,241.6,-22.9,17,593.5,-19.4,3.1,0,953.3,902.5,918.9,1128.975,-16.399999999999977,7.54274354536855,4.95,1.069,1887.0,884.5,0.026150000000000007,
ARARAQUARA,Araraquara,2018,280.7,-10.4,39,617.6,-16.2,5.2,0,913.6,884.5,902.5,923.9,-18.0,7.549609165154532,0.69,0.951,1900.0,1092.3,0.030549999999999966,0.00902222222222221
ARARAQUARA,Araraquara,2019,411.8,31.4,13,484.3,-34.3,5.7,0,999.3,1092.3,884.5,943.075,207.79999999999995,7.604396348796338,5.63,0.925,2007.0,921.5,0.01165000000000005,-0.02077777777777784
ARARAQUARA,Araraquara,2020,233.4,-25.5,52,633.6,-14.0,4.4,0,878.7,921.5,1092.3,952.45,-170.79999999999995,7.589335823170617,-1.49,1.013,1977.0,1186.5,0.06955,0.03842222222222219
ARARAQUARA,Araraquara,2021,98.4,-68.6,61,345.7,-53.1,6.3,0,471.5,1186.5,921.5,912.2,265.0,7.613818684808629,2.48,1.221,2026.0,1211.7,0.017750000000000044,-0.040977777777777835
ARARAQUARA,Araraquara,2022,257.4,-17.8,46,649.8,-11.8,2.5,0,930.3,1211.7,1186.5,1008.325,25.200000000000045,7.742332574959961,13.71,1.588,2303.84,904.5,-0.05664999999999998,-0.041977777777777836
ARARAQUARA,Araraquara,2023,239.3,-23.6,28,653.7,-11.3,4.2,0,969.4,904.5,1211.7,984.15,-307.20000000000005,7.696667081526462,-4.46,1.225,2201.0,1145.8,-0.12995,0.01382222222222218
ARARAQUARA,Araraquara,2024,258.8,-17.4,57,335.9,-54.4,5.5,0,617.8,1145.8,904.5,1021.45,241.29999999999995,7.753795205645225,5.88,0.862,2330.4,1201.7,0.05015000000000003,0.1159222222222222
ARARAQUARA,Araraquara,2025,394.5,25.9,46,350.8,-52.4,5.2,0,789.6,1201.7,1145.8,1040.875,55.90000000000009,7.761744984658913,0.8,1.354,2349.0,1148.8,-0.00924999999999998,-0.0654777777777778
ARARAQUARA,Araraquara,2026,181.3,-42.1,38,588.5,-20.1,2.7,0,801.2,1148.8,1201.7,1096.25,-52.90000000000009,7.761744984658913,0.0,1.345,2349.0,,-0.009950000000000014,-0.007977777777777806
AVARE,Avaré,2001,426.2,20.6,15,685.5,6.5,-1.4,4,1161.0,,,,,8.753371421000903,,0.902,6332.0,838.7,,
AVARE,Avaré,2002,332.1,-6.0,11,744.9,15.8,1.3,1,1099.6,838.7,,,,8.75573753930647,0.24,0.72,6347.0,949.3,,
AVARE,Avaré,2003,371.7,5.2,26,719.1,11.7,6.5,0,1208.1,949.3,838.7,838.7,110.59999999999991,8.776012719182917,2.05,1.032,6477.0,751.4,,
AVARE,Avaré,2004,332.6,-5.9,10,654.5,1.7,4.6,0,1086.5,751.4,949.3,949.3,-197.89999999999998,8.928905412284868,16.52,1.24,7547.0,898.2,,
AVARE,Avaré,2005,343.1,-2.9,15,446.2,-30.7,3.8,0,834.3,898.2,751.4,795.05,146.80000000000007,8.900685318713995,-2.78,1.252,7337.0,738.7,,
AVARE,Avaré,2006,459.4,30.0,7,608.4,-5.4,4.9,0,1126.8,738.7,898.2,923.75,-159.5,8.953769294549454,5.45,1.18,7737.0,861.9,,
AVARE,Avaré,2007,304.9,-13.7,15,822.7,27.8,5.3,0,1205.0,861.9,738.7,776.2666666666668,123.19999999999993,8.966356154790121,1.27,1.026,7835.0,811.5,,
AVARE,Avaré,2008,266.8,-24.5,19,694.3,7.9,3.1,0,1127.7,811.5,861.9,903.1333333333332,-50.39999999999998,8.90720619496548,-5.74,1.017,7385.0,723.3,,
AVARE,Avaré,2009,333.0,-5.7,8,629.9,-2.1,3.6,0,990.9,723.3,811.5,785.075,-88.20000000000005,9.027378610294805,12.77,1.027,8328.0,894.1,,
AVARE,Avaré,2010,580.6,64.4,4,751.8,16.8,2.4,0,1424.5,894.1,723.3,858.175,170.80000000000007,8.981304494957135,-4.5,1.038,7953.0,880.0,,
AVARE,Avaré,2011,267.4,-24.3,6,665.0,3.3,5.2,0,1014.7,880.0,894.1,798.9250000000001,-14.100000000000023,9.034199674257309,5.43,1.239,8385.0,1085.6,,
AVARE,Avaré,2012,321.9,-8.9,9,444.8,-30.9,0.8,1,848.3,1085.6,880.0,840.8499999999999,205.5999999999999,8.956415396322535,-7.48,1.324,7757.5,1040.7,,
AVARE,Avaré,2013,217.5,-38.4,33,697.8,8.4,4.7,0,1028.6,1040.7,1085.6,882.4749999999999,-44.899999999999864,8.818859526674133,-12.85,0.896,6760.55,1044.9,,
AVARE,Avaré,2014,313.7,-11.2,4,418.2,-35.0,2.4,0,816.1,1044.9,1040.7,876.475,4.2000000000000455,8.829047741211502,1.02,0.774,6829.78,1086.2,,
AVARE,Avaré,2015,276.8,-21.6,23,670.5,4.2,5.1,0,1008.6,1086.2,1044.9,959.025,41.299999999999955,8.768964626364797,-5.83,1.213,6431.51,1041.2,,
AVARE,Avaré,2016,610.3,72.8,17,843.1,31.0,7.9,0,1488.9,1041.2,1086.2,932.55,-45.0,8.788745881938135,2.0,1.161,6560.0,1401.6,,
AVARE,Avaré,2017,243.6,-31.0,3,626.6,-2.6,0.6,2,1002.0,1401.6,1041.2,1016.45,360.39999999999986,8.753055515138222,-3.51,1.069,6330.0,1331.1,0.011809999999999876,
AVARE,Avaré,2018,391.7,10.9,9,747.6,16.2,4.1,0,1157.7,1331.1,1401.6,1102.125,-70.5,8.767640577257792,1.47,0.951,6423.0,1333.2,0.0019099999999999673,0.015722222222222137
AVARE,Avaré,2019,371.7,5.2,6,539.3,-16.2,5.7,0,999.2,1333.2,1331.1,1125.7,2.1000000000001364,8.785080636539838,1.76,0.925,6536.0,1428.8,0.01680999999999988,0.0615222222222222
AVARE,Avaré,2020,300.5,-14.9,40,459.6,-28.6,1.4,1,785.3,1428.8,1333.2,1215.425,95.59999999999991,8.769973211858753,-1.5,1.013,6438.0,1428.8,-0.02149000000000012,0.01762222222222215
AVARE,Avaré,2021,180.9,-48.8,37,441.8,-31.3,5.1,0,647.3,1428.8,1428.8,1211.5,0.0,8.795127912413138,2.55,1.221,6602.0,1230.0,-0.03339000000000003,-0.02407777777777781
AVARE,Avaré,2022,315.0,-10.8,31,562.1,-12.7,0.9,3,921.2,1230.0,1428.8,1312.45,-198.79999999999995,8.592356320981246,-18.35,1.588,5390.3,1576.5,0.03000999999999998,-0.041477777777777836
AVARE,Avaré,2023,420.3,19.0,0,594.0,-7.7,3.5,0,1085.7,1576.5,1230.0,1257.775,346.5,8.544672162404522,-4.66,1.225,5139.3,1498.8,-0.01599000000000006,0.04472222222222216
AVARE,Avaré,2024,363.1,2.8,40,306.2,-52.4,6.1,0,718.5,1498.8,1576.5,1435.025,-77.70000000000005,8.435549202375727,-10.34,0.862,4608.0,1501.3,-0.010190000000000032,0.01782222222222224
AVARE,Avaré,2025,246.9,-30.1,39,385.8,-40.0,4.4,0,690.0,1501.3,1498.8,1372.1750000000002,2.5,8.498418036089904,6.49,1.354,4907.0,1532.2,0.04880999999999991,-0.06737777777777781
AVARE,Avaré,2026,228.7,-35.3,21,345.2,-46.4,1.4,1,624.0,1532.2,1501.3,1459.95,30.90000000000009,8.498418036089904,0.0,1.345,4907.0,,-0.028290000000000037,-0.02447777777777782
BAURU,Bauru,2001,447.2,40.2,25,685.5,4.0,-0.7,3,1164.4,,,,,8.77940359789435,,0.902,6499.0,549.8,,
BAURU,Bauru,2002,357.8,12.1,23,799.8,21.3,3.0,0,1175.5,549.8,,,,8.729397122692061,-4.88,0.72,6182.0,832.4,,
BAURU,Bauru,2003,286.8,-10.1,34,770.8,16.9,5.2,0,1149.0,832.4,549.8,549.8,282.6,8.716863386544805,-1.25,1.032,6105.0,767.0,,
BAURU,Bauru,2004,356.1,11.6,23,646.7,-1.9,4.7,0,1117.6,767.0,832.4,832.4,-65.39999999999998,8.68490859582083,-3.14,1.24,5913.0,744.9,,
BAURU,Bauru,2005,380.0,19.1,25,617.0,-6.4,4.9,0,1061.8,744.9,767.0,658.4,-22.100000000000023,8.635775907243184,-4.79,1.252,5629.5,738.8,,
BAURU,Bauru,2006,345.4,8.3,17,626.4,-5.0,5.7,0,1029.6,738.8,744.9,788.65,-6.100000000000023,8.507688161401932,-12.02,1.18,4952.7,808.7,,
BAURU,Bauru,2007,254.6,-20.2,24,895.5,35.8,5.7,0,1210.4,808.7,738.8,685.1999999999999,69.90000000000009,8.379240611157751,-12.05,1.026,4355.7,819.0,,
BAURU,Bauru,2008,254.6,-20.2,31,689.2,4.6,3.9,0,1085.8,819.0,808.7,795.3333333333334,10.299999999999955,8.252367901107384,-11.92,1.017,3836.7,803.7,,
BAURU,Bauru,2009,264.9,-17.0,19,730.0,10.7,4.8,0,1021.4,803.7,819.0,718.6500000000001,-15.299999999999955,8.265187095416927,1.29,1.027,3886.2,801.6,,
BAURU,Bauru,2010,456.0,42.9,8,652.1,-1.1,3.5,0,1172.5,801.6,803.7,797.4250000000001,-2.1000000000000227,7.513327287286129,-52.85,1.038,1832.3,1063.1,,
BAURU,Bauru,2011,198.9,-37.6,35,696.5,5.7,6.1,0,967.0,1063.1,801.6,781.5999999999999,261.4999999999999,7.33204214133089,-16.58,1.239,1528.5,967.2,,
BAURU,Bauru,2012,280.1,-12.2,27,428.3,-35.0,1.4,1,797.3,967.2,1063.1,855.1,-95.89999999999986,7.422493239568043,9.47,1.324,1673.2,953.0,,
BAURU,Bauru,2013,233.7,-26.7,49,685.2,3.9,5.1,0,1026.7,953.0,967.2,831.6500000000001,-14.200000000000045,6.715698488200025,-50.68,0.896,825.26,897.5,,
BAURU,Bauru,2014,255.4,-20.0,20,417.3,-36.7,4.3,0,741.4,897.5,953.0,907.125,-55.5,6.837214781968931,12.92,0.774,931.89,778.4,,
BAURU,Bauru,2015,280.9,-12.0,42,650.0,-1.4,6.4,0,975.3,778.4,897.5,871.325,-119.10000000000002,6.805600729828465,-3.11,1.213,902.89,919.9,,
BAURU,Bauru,2016,536.3,68.1,29,888.6,34.8,9.1,0,1463.2,919.9,778.4,899.55,141.5,6.704169226883458,-9.65,1.161,815.8,892.4,,
BAURU,Bauru,2017,202.9,-36.4,7,633.2,-3.9,1.6,1,957.5,892.4,919.9,896.5500000000001,-27.5,6.689474883333915,-1.46,1.069,803.9,1206.0,0.052790000000000004,
BAURU,Bauru,2018,339.8,6.5,36,649.6,-1.5,4.8,0,1007.7,1206.0,892.4,921.725,313.6,6.656340845700898,-3.26,0.951,777.7,1202.3,0.05349000000000004,0.040722222222222215
BAURU,Bauru,2019,408.4,28.0,18,516.3,-21.7,5.0,0,987.5,1202.3,1206.0,997.6500000000001,-3.7000000000000455,6.56512411504534,-8.72,0.925,709.9,1111.7,0.015090000000000048,0.08682222222222225
BAURU,Bauru,2020,240.8,-24.5,58,506.5,-23.2,3.3,0,772.5,1111.7,1202.3,956.525,-90.59999999999991,6.70146884473435,14.61,1.013,813.6,1245.5,0.04739000000000004,0.02922222222222226
BAURU,Bauru,2021,151.2,-52.6,57,457.2,-30.7,5.6,0,629.6,1245.5,1111.7,1033.775,133.79999999999995,6.958923565556536,29.36,1.221,1052.5,1090.7,0.018789999999999973,-0.04117777777777776
BAURU,Bauru,2022,261.5,-18.0,49,644.9,-2.2,2.2,0,940.5,1090.7,1245.5,1029.65,-154.79999999999995,7.122059881629142,17.72,1.588,1239.0,1296.1,-0.06630999999999998,-0.04227777777777775
BAURU,Bauru,2023,271.8,-14.8,25,656.4,-0.4,4.6,0,971.4,1296.1,1090.7,1082.075,205.39999999999986,6.937314081223682,-16.87,1.225,1030.0,1745.2,0.018490000000000006,0.02252222222222222
BAURU,Bauru,2024,270.2,-15.3,63,330.5,-49.9,6.1,0,667.7,1745.2,1296.1,1159.0749999999998,449.10000000000014,4.948759890378168,-86.31,0.862,141.0,1226.8,-0.010109999999999952,0.07702222222222221
BAURU,Bauru,2025,280.3,-12.1,55,355.9,-46.0,4.9,0,686.3,1226.8,1745.2,1288.4,-518.4000000000001,7.122059881629142,778.72,1.354,1239.0,2300.3,-0.07740999999999998,-0.11127777777777775
BAURU,Bauru,2026,211.9,-33.6,40,502.6,-23.8,1.0,1,766.5,2300.3,1226.8,1242.675,1073.5000000000002,7.122059881629142,0.0,1.345,1239.0,,-0.05220999999999998,-0.06157777777777773
BOTUCATU,Botucatu,2001,365.0,17.2,19,729.7,7.7,0.2,2,1123.9,,,,,8.223090551161533,,0.902,3726.0,921.7,,
BOTUCATU,Botucatu,2002,334.8,7.5,12,763.9,12.8,2.8,0,1123.2,921.7,,,,8.28349412616251,6.23,0.72,3958.0,1138.9,,
BOTUCATU,Botucatu,2003,270.1,-13.3,30,757.1,11.8,6.9,0,1103.9,1138.9,921.7,921.7,217.20000000000005,8.24564690087386,-3.71,1.032,3811.0,904.4,,
BOTUCATU,Botucatu,2004,315.0,1.1,14,649.0,-4.2,4.7,0,1066.7,904.4,1138.9,1138.9,-234.5000000000001,8.299285906897275,5.51,1.24,4021.0,1131.7,,
BOTUCATU,Botucatu,2005,313.6,0.7,18,536.5,-20.8,5.8,0,889.4,1131.7,904.4,913.05,227.30000000000007,8.357259153499912,5.97,1.252,4261.0,1111.5,,
BOTUCATU,Botucatu,2006,421.6,35.3,7,773.9,14.2,6.1,0,1258.0,1111.5,1131.7,1135.3000000000002,-20.200000000000045,8.318498320504338,-3.8,1.18,4099.0,1245.8,,
BOTUCATU,Botucatu,2007,316.1,1.5,10,864.2,27.6,4.9,0,1240.6,1245.8,1111.5,979.2000000000002,134.29999999999995,8.38022733634308,6.37,1.026,4360.0,1214.3,,
BOTUCATU,Botucatu,2008,236.9,-23.9,18,781.0,15.3,4.3,0,1159.5,1214.3,1245.8,1172.1333333333334,-31.5,8.32663782969518,-5.22,1.017,4132.5,1248.7,,
BOTUCATU,Botucatu,2009,314.1,0.8,8,736.6,8.7,5.2,0,1115.9,1248.7,1214.3,1037.9750000000001,34.40000000000009,8.38219787062872,5.71,1.027,4368.6,1221.7,,
BOTUCATU,Botucatu,2010,432.3,38.8,4,866.0,27.8,5.0,0,1380.8,1221.7,1248.7,1191.275,-27.0,8.374873580994947,-0.73,1.038,4336.72,1372.9,,
BOTUCATU,Botucatu,2011,208.6,-33.0,10,816.0,20.5,6.2,0,1103.0,1372.9,1221.7,1112.975,151.20000000000005,8.38199641280598,0.71,1.239,4367.72,1531.4,,
BOTUCATU,Botucatu,2012,299.9,-3.7,10,512.2,-24.4,3.3,0,910.6,1531.4,1372.9,1249.775,158.5,8.363743599103017,-1.81,1.324,4288.72,1450.2,,
BOTUCATU,Botucatu,2013,241.2,-22.6,33,755.5,11.5,6.7,0,1104.2,1450.2,1531.4,1269.7250000000001,-81.20000000000005,8.203068576138902,-14.84,0.896,3652.14,1292.5,,
BOTUCATU,Botucatu,2014,261.9,-15.9,6,348.6,-48.5,5.7,0,679.8,1292.5,1450.2,1329.4,-157.70000000000005,8.275366186297493,7.5,0.774,3925.96,1069.1,,
BOTUCATU,Botucatu,2015,226.6,-27.3,26,594.2,-12.3,6.7,0,871.7,1069.1,1292.5,1314.9750000000001,-223.4000000000001,8.238626778143775,-3.61,1.213,3784.34,1189.3,,
BOTUCATU,Botucatu,2016,486.8,56.3,23,786.9,16.2,8.6,0,1291.6,1189.3,1069.1,1285.2250000000001,120.20000000000005,8.231189709343012,-0.74,1.161,3756.3,1226.5,,
BOTUCATU,Botucatu,2017,201.7,-35.2,8,604.9,-10.7,1.4,1,920.8,1226.5,1189.3,1308.7250000000001,37.200000000000045,8.164225652265827,-6.48,1.069,3513.0,1184.2,0.005600000000000049,
BOTUCATU,Botucatu,2018,325.1,4.4,17,615.0,-9.2,6.0,0,964.3,1184.2,1226.5,1279.6750000000002,-42.299999999999955,7.964850887447313,-18.08,0.951,2878.0,1291.7,-0.0037999999999999146,0.01598888888888894
BOTUCATU,Botucatu,2019,422.0,35.5,13,501.1,-26.0,6.0,0,1029.7,1291.7,1184.2,1299.35,107.5,7.853216388156072,-10.56,0.925,2574.0,1289.3,0.009600000000000053,0.039788888888888874
BOTUCATU,Botucatu,2020,236.4,-24.1,41,555.3,-18.0,3.6,0,804.6,1289.3,1291.7,1259.375,-2.400000000000091,7.807591372784331,-4.46,1.013,2459.2,1237.3,0.018200000000000105,0.011288888888888904
BOTUCATU,Botucatu,2021,124.3,-60.1,49,393.7,-41.9,5.8,0,554.7,1237.3,1289.3,1238.825,-52.0,7.7161043892307655,-8.74,1.221,2244.2,1303.2,0.029300000000000104,-0.009411111111111148
BOTUCATU,Botucatu,2022,269.9,-13.3,38,637.8,-5.8,1.4,1,930.0,1303.2,1237.3,1206.15,65.90000000000009,7.706702878428294,-0.94,1.588,2223.2,1194.3,-0.033299999999999996,-0.07371111111111106
BOTUCATU,Botucatu,2023,305.2,-2.0,10,587.5,-13.3,5.5,0,973.3,1194.3,1303.2,1241.5,-108.90000000000009,7.72674184438123,2.02,1.225,2268.2,1376.3,-0.0008999999999999009,0.046388888888888924
BOTUCATU,Botucatu,2024,365.0,17.2,48,302.3,-55.4,6.8,0,698.9,1376.3,1194.3,1237.45,182.0,7.681652609227191,-4.41,0.862,2168.2,1369.5,-0.0041999999999999815,0.0919888888888889
BOTUCATU,Botucatu,2025,259.8,-16.6,46,326.5,-51.8,4.0,0,621.2,1369.5,1376.3,1288.25,-6.7999999999999545,7.6844160597699,0.28,1.354,2174.2,1370.7,-0.005999999999999894,-0.05381111111111114
BOTUCATU,Botucatu,2026,182.2,-41.5,30,414.7,-38.8,1.6,1,632.0,1370.7,1369.5,1273.2,1.2000000000000455,7.6844160597699,0.0,1.345,2174.2,,-0.014499999999999957,-0.06851111111111108
BRAGANCA PAULISTA,Bragança Paulista,2001,391.1,14.1,6,726.9,-4.9,1.2,2,1161.8,,,,,9.108639817149843,,0.902,9033.0,1050.3,,
BRAGANCA PAULISTA,Bragança Paulista,2002,432.4,26.2,1,908.8,18.9,4.4,0,1379.9,1050.3,,,,9.081182259748294,-2.71,0.72,8788.35,1215.0,,
BRAGANCA PAULISTA,Bragança Paulista,2003,337.0,-1.7,16,797.4,4.4,6.3,0,1186.7,1215.0,1050.3,1050.3,164.70000000000005,9.071767722112243,-0.94,1.032,8706.0,996.8,,
BRAGANCA PAULISTA,Bragança Paulista,2004,344.3,0.5,4,741.4,-3.0,4.6,0,1214.3,996.8,1215.0,1215.0,-218.20000000000005,9.18901458526143,12.44,1.24,9789.0,1360.0,,
BRAGANCA PAULISTA,Bragança Paulista,2005,363.6,6.1,4,768.0,0.5,5.0,0,1247.6,1360.0,996.8,1023.55,363.20000000000005,9.18686701579054,-0.21,1.252,9768.0,1418.5,,
BRAGANCA PAULISTA,Bragança Paulista,2006,412.8,20.5,2,830.1,8.6,7.8,0,1283.0,1418.5,1360.0,1287.5,58.5,9.170091130068498,-1.66,1.18,9605.5,1499.4,,
BRAGANCA PAULISTA,Bragança Paulista,2007,398.6,16.3,2,801.9,5.0,4.2,0,1298.5,1499.4,1418.5,1155.2,80.90000000000009,9.188452572218154,1.85,1.026,9783.5,1447.4,,
BRAGANCA PAULISTA,Bragança Paulista,2008,311.5,-9.1,8,828.8,8.5,4.2,0,1286.9,1447.4,1499.4,1358.1333333333334,-52.0,9.275050753344939,9.05,1.017,10668.5,1194.1,,
BRAGANCA PAULISTA,Bragança Paulista,2009,343.0,0.1,0,870.3,13.9,5.8,0,1280.2,1194.1,1447.4,1228.25,-253.30000000000018,9.239986549041213,-3.45,1.027,10300.9,1326.0,,
BRAGANCA PAULISTA,Bragança Paulista,2010,445.8,30.1,0,939.1,22.9,3.8,0,1513.8,1326.0,1194.1,1317.125,131.9000000000001,9.235384142415615,-0.46,1.038,10253.6,1418.9,,
BRAGANCA PAULISTA,Bragança Paulista,2011,325.2,-5.1,0,977.5,27.9,4.8,0,1425.1,1418.9,1326.0,1297.175,92.90000000000009,9.25479735192471,1.96,1.239,10454.6,1579.5,,
BRAGANCA PAULISTA,Bragança Paulista,2012,308.0,-10.1,3,614.0,-19.6,2.4,0,1060.7,1579.5,1418.9,1368.1,160.5999999999999,9.225829789172312,-2.86,1.324,10156.1,1582.3,,
BRAGANCA PAULISTA,Bragança Paulista,2013,219.8,-35.9,10,909.6,19.1,5.9,0,1210.5,1582.3,1579.5,1442.85,2.7999999999999545,9.13389875591549,-8.78,0.896,9264.07,1437.0,,
BRAGANCA PAULISTA,Bragança Paulista,2014,340.3,-0.7,1,422.4,-44.7,5.3,0,839.6,1437.0,1582.3,1423.6749999999997,-145.29999999999995,9.138420005267873,0.45,0.774,9306.05,1335.6,,
BRAGANCA PAULISTA,Bragança Paulista,2015,233.7,-31.8,12,601.8,-21.2,5.9,0,895.4,1335.6,1437.0,1447.475,-101.40000000000009,9.140883106960962,0.25,1.213,9329.0,1421.8,,
BRAGANCA PAULISTA,Bragança Paulista,2016,397.6,16.0,16,814.2,6.6,6.9,0,1225.9,1421.8,1335.6,1382.725,86.20000000000005,9.116578992161708,-2.4,1.161,9105.0,1499.9,,
BRAGANCA PAULISTA,Bragança Paulista,2017,285.1,-16.8,5,670.2,-12.3,1.4,1,1044.7,1499.9,1421.8,1441.075,78.10000000000014,9.110299017795956,-0.63,1.069,9048.0,1502.6,-0.20007999999999998,
BRAGANCA PAULISTA,Bragança Paulista,2018,304.2,-11.2,10,618.9,-19.0,6.3,0,965.5,1502.6,1499.9,1459.1750000000002,2.699999999999818,8.942552425902386,-15.44,0.951,7650.7,1529.5,0.046520000000000006,0.03523333333333334
BRAGANCA PAULISTA,Bragança Paulista,2019,384.6,12.2,2,745.5,-2.4,5.0,0,1231.0,1529.5,1502.6,1485.225,26.90000000000009,8.942460926820582,-0.01,0.925,7650.0,1565.1,-0.0038799999999999946,0.0285333333333333
BRAGANCA PAULISTA,Bragança Paulista,2020,276.1,-19.4,22,694.0,-9.2,4.1,0,983.5,1565.1,1529.5,1486.825,35.59999999999991,8.955448122347393,1.31,1.013,7750.0,1803.4,0.04081999999999997,0.006833333333333358
BRAGANCA PAULISTA,Bragança Paulista,2021,186.5,-45.6,28,615.3,-19.5,4.7,0,823.9,1803.4,1565.1,1481.625,238.30000000000018,8.895629627136483,-5.81,1.221,7300.0,1585.2,0.016120000000000023,-0.06096666666666667
BRAGANCA PAULISTA,Bragança Paulista,2022,261.3,-23.8,15,611.8,-19.9,1.8,1,929.0,1585.2,1803.4,1542.1,-218.20000000000005,8.92439013236916,2.92,1.588,7513.0,1490.4,0.05402000000000007,-0.03486666666666671
BRAGANCA PAULISTA,Bragança Paulista,2023,388.5,13.4,2,759.6,-0.6,3.9,0,1229.1,1490.4,1585.2,1518.675,-94.79999999999995,8.81996090128606,-9.92,1.225,6768.0,1598.6,0.03832000000000002,0.014033333333333342
BRAGANCA PAULISTA,Bragança Paulista,2024,425.0,24.0,20,549.2,-28.1,5.1,0,994.5,1598.6,1490.4,1580.8000000000002,108.19999999999982,8.843470781627381,2.38,0.862,6929.0,1623.1,-0.006780000000000008,0.0406333333333333
BRAGANCA PAULISTA,Bragança Paulista,2025,258.0,-24.7,26,498.8,-34.7,3.2,0,818.3,1623.1,1598.6,1562.875,24.5,8.89487591851195,5.27,1.354,7294.5,1733.8,0.04161999999999999,-0.06436666666666668
BRAGANCA PAULISTA,Bragança Paulista,2026,185.7,-45.8,9,553.9,-27.5,2.0,1,774.7,1733.8,1623.1,1611.6,110.70000000000005,8.89487591851195,0.0,1.345,7294.5,,-0.026680000000000037,0.03493333333333337
DRACENA,Dracena,2001,326.4,-0.9,35,781.8,13.7,1.3,1,1178.6,,,,,8.956995311928852,,0.902,7762.0,672.9,,
DRACENA,Dracena,2002,384.3,16.6,32,582.4,-15.3,4.0,0,972.6,672.9,,,,8.958697032467052,0.17,0.72,7775.22,624.3,,
DRACENA,Dracena,2003,278.6,-15.5,48,878.9,27.8,7.7,0,1246.2,624.3,672.9,672.9,-48.60000000000002,8.989222268057816,3.1,1.032,8016.22,564.5,,
DRACENA,Dracena,2004,220.3,-33.1,43,554.2,-19.4,6.9,0,843.6,564.5,624.3,624.3,-59.799999999999955,8.925986089617076,-6.13,1.24,7525.0,699.9,,
DRACENA,Dracena,2005,414.1,25.7,34,489.4,-28.8,4.7,0,959.8,699.9,564.5,618.7,135.39999999999998,8.886409166849282,-3.88,1.252,7233.0,579.6,,
DRACENA,Dracena,2006,323.1,-1.9,32,765.0,11.3,6.6,0,1124.4,579.6,699.9,662.0999999999999,-120.29999999999995,8.781555458546402,-9.95,1.18,6513.0,1009.7,,
DRACENA,Dracena,2007,237.3,-28.0,36,974.9,41.8,7.7,0,1253.6,1009.7,579.6,605.6666666666666,430.1,8.760923376338836,-2.04,1.026,6380.0,589.8,,
DRACENA,Dracena,2008,218.0,-33.8,55,629.9,-8.4,5.7,0,971.0,589.8,1009.7,777.9666666666666,-419.9000000000001,8.554970555750268,-18.61,1.017,5192.5,604.4,,
DRACENA,Dracena,2009,220.1,-33.2,45,799.6,16.3,6.7,0,1041.5,604.4,589.8,601.7,14.600000000000023,8.564076777315087,0.91,1.027,5240.0,846.5,,
DRACENA,Dracena,2010,529.6,60.7,14,897.7,30.5,4.6,0,1472.4,846.5,604.4,734.575,242.10000000000002,8.526172754196814,-3.72,1.038,5045.1,896.7,,
DRACENA,Dracena,2011,348.1,5.7,28,854.8,24.3,7.5,0,1267.7,896.7,846.5,645.1,50.200000000000045,8.502688505213357,-2.32,1.239,4928.0,837.2,,
DRACENA,Dracena,2012,313.2,-5.0,37,503.7,-26.7,2.4,0,915.2,837.2,896.7,802.6750000000001,-59.5,8.489821994620105,-1.28,1.324,4865.0,731.8,,
DRACENA,Dracena,2013,253.8,-23.0,64,700.1,1.8,6.0,0,1065.7,731.8,837.2,713.275,-105.40000000000009,8.30719782266973,-16.69,0.896,4052.94,922.5,,
DRACENA,Dracena,2014,254.7,-22.7,45,529.3,-23.0,3.2,0,845.4,922.5,731.8,810.6500000000001,190.70000000000005,8.19478163844336,-10.63,0.774,3622.0,840.5,,
DRACENA,Dracena,2015,402.9,22.3,40,592.7,-13.8,7.4,0,1042.1,840.5,922.5,799.0,-82.0,8.131530710604252,-6.13,1.213,3400.0,871.2,,
DRACENA,Dracena,2016,569.4,72.8,44,755.9,9.9,11.7,0,1393.3,871.2,840.5,768.35,30.700000000000045,7.984121958702927,-13.71,1.161,2934.0,923.2,,
DRACENA,Dracena,2017,201.2,-39.0,21,618.7,-10.0,3.1,0,910.5,923.2,871.2,869.35,52.0,7.867105500316739,-11.04,1.069,2610.0,847.9,,
DRACENA,Dracena,2018,454.9,38.0,44,735.5,7.0,5.7,0,1221.3,847.9,923.2,848.05,-75.30000000000007,7.787796878181171,-7.62,0.951,2411.0,907.4,,
DRACENA,Dracena,2019,444.7,35.0,21,463.8,-32.5,6.2,0,970.3,907.4,847.9,869.7,59.5,7.81237820598861,2.49,0.925,2471.0,1036.8,,
DRACENA,Dracena,2020,195.4,-40.7,75,644.5,-6.3,4.0,0,884.8,1036.8,907.4,850.7249999999999,129.39999999999998,7.716460800176355,-9.15,1.013,2245.0,905.1,,
DRACENA,Dracena,2021,118.1,-64.2,77,414.0,-39.8,7.2,0,538.2,905.1,1036.8,919.5999999999999,-131.69999999999993,7.729735331385051,1.34,1.221,2275.0,1325.9,,
DRACENA,Dracena,2022,198.8,-39.7,67,563.8,-18.0,3.9,0,803.8,1325.9,905.1,894.05,420.80000000000007,7.306531398939505,-34.51,1.588,1490.0,801.3,,
DRACENA,Dracena,2023,296.6,-10.0,39,654.2,-4.9,6.3,0,1074.0,801.3,1325.9,1020.45,-524.6000000000001,6.186208623900494,-67.38,1.225,486.0,1421.0,,
DRACENA,Dracena,2024,231.0,-29.9,77,375.9,-45.3,6.3,0,716.9,1421.0,801.3,884.25,619.7,6.218600119691729,3.29,0.862,502.0,1116.9,,
DRACENA,Dracena,2025,302.9,-8.1,63,416.7,-39.4,6.6,0,828.9,1116.9,1421.0,1157.8999999999999,-304.0999999999999,6.429719478039138,23.51,1.354,620.0,1241.1,,
DRACENA,Dracena,2026,202.6,-38.5,64,498.7,-27.5,2.5,0,767.0,1241.1,1116.9,932.6750000000001,124.19999999999982,6.429719478039138,0.0,1.345,620.0,,,
FRANCA,Franca,2001,389.7,7.0,21,670.6,-22.6,2.5,0,1109.0,,,,,10.345156005604505,,0.902,31106.0,920.8,,
FRANCA,Franca,2002,430.6,18.2,20,958.4,10.6,6.5,0,1399.3,920.8,,,,10.593803228166875,28.23,0.72,39886.9,1798.3,,
FRANCA,Franca,2003,341.5,-6.3,36,1182.3,36.4,7.0,0,1643.7,1798.3,920.8,920.8,877.5,10.594091501823291,0.03,1.032,39898.4,715.4,,
FRANCA,Franca,2004,292.5,-19.7,23,971.2,12.0,6.3,0,1420.0,715.4,1798.3,1798.3,-1082.9,10.613799079265654,1.99,1.24,40692.5,1560.4,,
FRANCA,Franca,2005,342.5,-6.0,29,871.4,0.5,5.8,0,1291.8,1560.4,715.4,818.0999999999999,845.0000000000001,10.631494991732007,1.79,1.252,41419.0,1260.2,,
FRANCA,Franca,2006,413.1,13.4,16,930.5,7.3,9.1,0,1399.0,1260.2,1560.4,1679.35,-300.20000000000005,10.66222348379946,3.12,1.18,42711.5,1963.1,,
FRANCA,Franca,2007,539.4,48.0,8,1045.1,20.6,7.9,0,1652.8,1963.1,1260.2,965.4666666666666,702.8999999999999,10.696638426567144,3.5,1.026,44207.0,906.2,,
FRANCA,Franca,2008,256.3,-29.6,40,953.0,9.9,6.5,0,1363.5,906.2,1963.1,1773.9333333333334,-1056.8999999999999,10.746217854635562,5.08,1.017,46454.0,1901.9,,
FRANCA,Franca,2009,234.5,-35.6,28,1059.7,22.2,8.2,0,1355.3,1901.9,906.2,950.6500000000001,995.7,10.746833327999186,0.06,1.027,46482.6,1113.0,,
FRANCA,Franca,2010,470.0,29.0,4,923.7,6.5,3.9,0,1426.5,1113.0,1901.9,1805.925,-788.9000000000001,10.80503412148319,5.99,1.038,49268.2,1873.2,,
FRANCA,Franca,2011,393.2,7.9,25,975.5,12.5,7.3,0,1495.0,1873.2,1113.0,998.7,760.2,10.832915610602406,2.83,1.239,50661.2,875.2,,
FRANCA,Franca,2012,321.0,-11.9,20,759.7,-12.4,4.8,0,1154.7,875.2,1873.2,1824.65,-998.0,10.861000838695762,2.85,1.324,52104.2,1958.2,,
FRANCA,Franca,2013,298.3,-18.1,40,778.0,-10.3,4.9,0,1156.2,1958.2,875.2,1038.65,1083.0,10.748563016657725,-10.63,0.896,46563.07,1533.2,,
FRANCA,Franca,2014,317.9,-12.8,21,481.1,-44.5,5.9,0,887.8,1533.2,1958.2,1924.1,-425.0,10.959491529947597,23.48,0.774,57497.2,1798.1,,
FRANCA,Franca,2015,291.0,-20.1,38,738.6,-14.8,9.4,0,1114.8,1798.1,1533.2,1106.9,264.89999999999986,10.990991707022062,3.2,1.213,59337.2,1018.4,,
FRANCA,Franca,2016,406.2,11.5,40,939.3,8.4,9.8,0,1355.0,1018.4,1798.1,1882.85,-779.6999999999999,11.004636620856207,1.37,1.161,60152.4,2598.9,,
FRANCA,Franca,2017,323.0,-11.4,28,714.7,-17.6,4.1,0,1098.6,2598.9,1018.4,1134.95,1580.5,11.017533461147876,1.3,1.069,60933.2,1179.8,0.012050000000000005,
FRANCA,Franca,2018,319.6,-12.3,42,883.2,1.9,7.5,0,1251.4,1179.8,2598.9,2057.1,-1419.1000000000001,11.089945869775306,7.51,0.951,65509.2,2362.4,0.0006500000000000394,-0.015833333333333366
FRANCA,Franca,2019,557.8,53.1,17,686.6,-20.8,6.2,0,1363.3,2362.4,1179.8,1151.6499999999999,1182.6000000000001,11.108456360685539,1.87,0.925,66733.1,1309.3,0.009149999999999991,-0.002433333333333343
FRANCA,Franca,2020,349.2,-4.1,42,815.8,-5.9,4.1,0,1188.9,1309.3,2362.4,2179.4,-1053.1000000000001,11.12651270276754,1.82,1.013,67949.0,2505.6,0.028349999999999986,0.05996666666666667
FRANCA,Franca,2021,133.7,-63.3,55,516.1,-40.5,7.2,0,695.5,2505.6,1309.3,1260.175,1196.3,11.138828201411055,1.24,1.221,68791.0,1147.7,0.03375000000000006,-0.052733333333333354
FRANCA,Franca,2022,441.1,21.1,30,752.4,-13.2,4.0,0,1234.5,1147.7,2505.6,2316.25,-1357.8999999999999,11.129158245838182,-0.96,1.588,68129.0,1391.8,-0.05064999999999997,-0.03683333333333333
FRANCA,Franca,2023,308.4,-15.3,24,756.0,-12.8,4.1,0,1162.9,1391.8,1147.7,1163.8,244.0999999999999,11.144510446685352,1.55,1.225,69183.0,1938.4,-0.05415000000000003,-0.05293333333333333
FRANCA,Franca,2024,305.2,-16.2,56,516.2,-40.5,7.9,0,845.1,1938.4,1391.8,2214.6749999999997,546.6000000000001,11.134486829247564,-1.0,0.862,68493.0,1683.8,-0.007549999999999946,0.11966666666666664
FRANCA,Franca,2025,441.5,21.2,45,533.7,-38.4,7.5,0,1052.5,1683.8,1938.4,1393.8000000000002,-254.60000000000014,11.139859780908724,0.54,1.354,68862.0,1602.2,0.005750000000000033,-0.07923333333333332
FRANCA,Franca,2026,236.1,-35.2,42,777.8,-10.3,4.6,0,1054.4,1602.2,1683.8,1985.9,-81.59999999999991,11.139859780908724,0.0,1.345,68862.0,,0.02265000000000006,0.060366666666666624
JAU,Jaú,2001,447.4,45.0,26,706.9,4.2,-0.7,2,1178.7,,,,,8.724207360800564,,0.902,6150.0,873.8,,
JAU,Jaú,2002,369.4,19.7,21,814.2,20.0,3.4,0,1207.0,873.8,,,,8.792549614177382,7.07,0.72,6585.0,1474.5,,
JAU,Jaú,2003,230.0,-25.5,40,843.0,24.2,6.1,0,1173.2,1474.5,873.8,873.8,600.7,8.847216104357543,5.62,1.032,6955.0,852.2,,
JAU,Jaú,2004,372.6,20.8,25,703.1,3.6,4.4,0,1192.2,852.2,1474.5,1474.5,-622.3,8.882530508433623,3.59,1.24,7205.0,1439.0,,
JAU,Jaú,2005,368.6,19.5,27,631.5,-7.0,6.2,0,1045.8,1439.0,852.2,863.0,586.8,8.760923376338836,-11.45,1.252,6380.0,879.7,,
JAU,Jaú,2006,350.1,13.5,23,706.3,4.1,5.9,0,1109.7,879.7,1439.0,1456.75,-559.3,8.871224644409553,11.66,1.18,7124.0,1365.0,,
JAU,Jaú,2007,249.4,-19.2,26,906.0,33.5,6.0,0,1215.9,1365.0,879.7,868.5666666666666,485.29999999999995,8.72729202920964,-13.41,1.026,6169.0,916.2,,
JAU,Jaú,2008,269.3,-12.7,29,732.3,7.9,3.5,0,1140.4,916.2,1365.0,1426.1666666666667,-448.79999999999995,8.689127655323706,-3.74,1.017,5938.0,1285.5,,
JAU,Jaú,2009,263.6,-14.6,20,761.1,12.1,5.7,0,1068.1,1285.5,916.2,880.4750000000001,369.29999999999995,8.646289764750648,-4.19,1.027,5689.0,1378.8,,
JAU,Jaú,2010,415.7,34.7,13,742.4,9.4,3.0,0,1227.4,1378.8,1285.5,1391.0,93.29999999999995,8.769351707798972,13.1,1.038,6434.0,1416.9,,
JAU,Jaú,2011,183.1,-40.7,36,839.7,23.7,6.9,0,1099.6,1416.9,1378.8,1006.7249999999999,38.100000000000136,8.789507786736896,2.04,1.239,6565.0,1302.9,,
JAU,Jaú,2012,300.6,-2.6,26,499.1,-26.5,1.6,1,887.2,1302.9,1416.9,1376.6,-114.0,8.876963340262272,9.14,1.324,7165.0,1702.4,,
JAU,Jaú,2013,256.3,-16.9,53,826.2,21.7,4.9,0,1177.1,1702.4,1302.9,1119.3999999999999,399.5,8.749527973658969,-11.96,0.896,6307.71,1200.7,,
JAU,Jaú,2014,262.7,-14.8,20,389.2,-42.7,5.0,0,724.4,1200.7,1702.4,1442.45,-501.70000000000005,8.808941485571886,6.12,0.774,6693.83,1582.4,,
JAU,Jaú,2015,257.5,-16.5,43,624.3,-8.0,6.1,0,929.0,1582.4,1200.7,1199.65,381.70000000000005,8.831127635012084,2.24,1.213,6844.0,1597.6,,
JAU,Jaú,2016,504.2,63.4,34,803.5,18.4,8.8,0,1334.0,1597.6,1582.4,1496.8000000000002,15.199999999999818,8.772765209949785,-5.67,1.161,6456.0,1837.2,,
JAU,Jaú,2017,179.2,-41.9,19,609.7,-10.2,2.8,0,892.7,1837.2,1597.6,1370.0000000000002,239.60000000000014,8.82428075349194,5.29,1.069,6797.3,1609.8,-0.014079999999999981,
JAU,Jaú,2018,305.7,-0.9,39,627.4,-7.6,4.9,0,953.9,1609.8,1837.2,1634.725,-227.4000000000001,8.838015025455297,1.38,0.951,6891.3,1830.7,0.06732000000000005,0.0359444444444445
JAU,Jaú,2019,391.5,26.9,22,406.1,-40.2,4.4,0,884.2,1830.7,1609.8,1427.75,220.9000000000001,8.823647949191303,-1.43,0.925,6793.0,1487.4,-0.04727999999999999,0.04064444444444448
JAU,Jaú,2020,193.6,-37.2,59,401.8,-40.8,4.1,0,606.4,1487.4,1830.7,1738.1750000000002,-343.29999999999995,8.838261682885651,1.47,1.013,6893.0,1846.7,0.030420000000000003,0.04294444444444451
JAU,Jaú,2021,108.3,-64.9,59,334.6,-50.7,5.0,0,476.1,1846.7,1487.4,1473.8749999999998,359.29999999999995,8.84505705350085,0.68,1.221,6940.0,1684.5,-0.05587999999999993,-0.04845555555555553
JAU,Jaú,2022,260.4,-15.6,47,633.9,-6.6,2.0,1,911.2,1684.5,1846.7,1774.25,-162.20000000000005,8.834628222017367,-1.04,1.588,6868.0,1735.9,-0.03488000000000002,-0.04325555555555555
JAU,Jaú,2023,231.3,-25.0,35,530.1,-21.9,4.8,0,802.1,1735.9,1684.5,1594.8249999999998,51.40000000000009,8.851520271691061,1.7,1.225,6985.0,1524.6,-0.015979999999999994,-0.018255555555555525
JAU,Jaú,2024,276.2,-10.5,64,251.4,-63.0,5.5,0,565.5,1524.6,1735.9,1812.625,-211.30000000000018,8.83200393125627,-1.93,0.862,6850.0,1473.4,-0.005279999999999951,0.059444444444444466
JAU,Jaú,2025,285.5,-7.5,56,271.0,-60.1,5.2,0,590.5,1473.4,1524.6,1576.575,-51.19999999999982,8.823912892745156,-0.81,1.354,6794.8,1280.0,0.04422000000000004,-0.08995555555555551
JAU,Jaú,2026,187.1,-39.4,41,422.8,-37.7,1.3,1,644.7,1280.0,1473.4,1721.675,-193.4000000000001,8.823912892745156,0.0,1.345,6794.8,,0.031420000000000003,0.020944444444444488
LINS,Lins,2001,408.0,43.9,27,638.3,-7.1,3.6,0,1084.2,,,,,8.474494436883122,,0.902,4791.0,678.1,,
LINS,Lins,2002,388.9,37.2,26,860.3,25.2,7.3,0,1253.4,678.1,,,,8.36240897761537,-10.6,0.72,4283.0,976.0,,
LINS,Lins,2003,227.7,-19.7,39,863.4,25.7,8.6,0,1178.7,976.0,678.1,678.1,297.9,8.454679286026995,9.67,1.032,4697.0,572.9,,
LINS,Lins,2004,265.3,-6.4,28,809.8,17.9,7.9,0,1180.7,572.9,976.0,976.0,-403.1,8.421783006611578,-3.24,1.24,4545.0,580.3,,
LINS,Lins,2005,294.5,3.9,37,745.2,8.5,7.6,0,1098.9,580.3,572.9,625.5,7.399999999999977,8.286017468404763,-12.7,1.252,3968.0,573.3,,
LINS,Lins,2006,295.9,4.4,27,764.5,11.3,9.7,0,1101.8,573.3,580.3,778.15,-7.0,8.283190896767152,-0.28,1.18,3956.8,690.1,,
LINS,Lins,2007,231.7,-18.3,20,926.2,34.8,8.6,0,1199.1,690.1,573.3,608.0999999999999,116.80000000000007,8.192127650376644,-8.7,1.026,3612.4,567.1,,
LINS,Lins,2008,200.9,-29.1,45,733.2,6.7,6.7,0,1048.0,567.1,690.1,748.8000000000001,-123.0,7.966760113055467,-20.18,1.017,2883.5,1155.0,,
LINS,Lins,2009,194.0,-31.6,34,842.8,22.7,8.4,0,1074.3,1155.0,567.1,597.85,587.9,7.905404775224112,-5.95,1.027,2711.9,984.9,,
LINS,Lins,2010,406.1,43.3,6,653.1,-4.9,5.8,0,1120.9,984.9,1155.0,850.3499999999999,-170.10000000000002,7.731535907177285,-15.96,1.038,2279.1,1451.9,,
LINS,Lins,2011,213.9,-24.5,33,824.5,20.0,9.3,0,1120.4,1451.9,984.9,674.5500000000001,467.0000000000001,7.782598820942119,5.24,1.239,2398.5,1194.7,,
LINS,Lins,2012,254.1,-10.4,26,452.0,-34.2,5.0,0,784.6,1194.7,1451.9,969.325,-257.20000000000005,7.752335163302292,-2.98,1.324,2327.0,1165.9,,
LINS,Lins,2013,248.3,-12.4,48,680.3,-1.0,7.4,0,996.3,1165.9,1194.7,830.0,-28.799999999999955,7.622208857568875,-12.2,0.896,2043.07,1262.0,,
LINS,Lins,2014,256.1,-9.7,27,395.3,-42.5,7.8,0,702.9,1262.0,1165.9,1115.7250000000001,96.09999999999991,7.644995897052594,2.3,0.774,2090.16,1010.2,,
LINS,Lins,2015,261.2,-7.8,45,566.3,-17.6,8.7,0,857.7,1010.2,1262.0,1002.175,-251.79999999999995,7.450951282778578,-17.64,1.213,1721.5,1229.2,,
LINS,Lins,2016,406.6,43.4,37,819.4,19.3,12.5,0,1254.2,1229.2,1010.2,1195.75,219.0,7.428749031663754,-2.2,1.161,1683.7,1195.7,,
LINS,Lins,2017,223.9,-21.0,21,529.8,-22.9,5.3,0,869.6,1195.7,1229.2,1167.6999999999998,-33.5,7.433311867348122,0.46,1.069,1691.4,1420.1,0.015289999999999915,
LINS,Lins,2018,304.2,7.3,46,560.6,-18.4,7.8,0,874.8,1420.1,1195.7,1205.9250000000002,224.39999999999986,7.347943823148687,-8.18,0.951,1553.0,1520.5,0.009889999999999954,0.008433333333333348
LINS,Lins,2019,399.9,41.1,19,479.0,-30.3,7.8,0,938.7,1520.5,1420.1,1276.5,100.40000000000009,7.269198834995971,-7.57,0.925,1435.4,1170.7,-0.004610000000000114,0.05803333333333338
LINS,Lins,2020,188.1,-33.7,59,594.4,-13.5,6.2,0,822.8,1170.7,1520.5,1223.0749999999998,-349.79999999999995,7.09742477343863,-15.78,1.013,1208.85,1402.6,0.009489999999999887,0.021433333333333304
LINS,Lins,2021,130.4,-54.0,61,377.6,-45.0,8.8,0,539.0,1402.6,1170.7,1270.5,231.89999999999986,7.082002660508517,-1.53,1.221,1190.35,1245.2,-0.017710000000000115,0.0030333333333333323
LINS,Lins,2022,299.5,5.7,46,637.8,-7.2,5.4,0,969.7,1245.2,1402.6,1282.25,-157.39999999999986,6.884947139656129,-17.89,1.588,977.45,1071.4,-0.007110000000000061,-0.049166666666666636
LINS,Lins,2023,223.8,-21.1,37,620.2,-9.7,7.5,0,894.5,1071.4,1245.2,1266.3,-173.79999999999995,6.692765891923797,-17.48,1.225,806.55,1495.6,0.011689999999999978,0.08383333333333332
LINS,Lins,2024,201.2,-29.0,73,275.3,-59.9,8.2,0,505.2,1495.6,1071.4,1297.55,424.1999999999998,6.512413754044824,-16.5,0.862,673.45,1196.6,-0.016510000000000025,0.04023333333333334
LINS,Lins,2025,363.9,28.4,47,329.9,-52.0,8.5,0,742.3,1196.6,1495.6,1332.9,-299.0,6.474584899781751,-3.71,1.354,648.45,901.5,-0.0259100000000001,-0.12266666666666665
LINS,Lins,2026,156.1,-44.9,47,591.6,-13.9,5.3,0,784.8,901.5,1196.6,1297.775,-295.0999999999999,6.474584899781751,0.0,1.345,648.45,,0.0254899999999999,-0.04316666666666663
MARILIA,Marília,2001,412.0,29.0,24,692.8,2.5,0.2,2,1167.6,,,,,10.080084421193217,,0.902,23863.0,479.9,,
MARILIA,Marília,2002,367.7,15.1,24,750.5,11.0,3.5,0,1125.3,479.9,,,,10.123827176517604,4.47,0.72,24930.0,1122.8,,
MARILIA,Marília,2003,261.4,-18.2,43,824.9,22.0,6.0,0,1180.2,1122.8,479.9,479.9,642.9,10.054567809149015,-6.69,1.032,23261.8,530.9,,
MARILIA,Marília,2004,257.0,-19.6,23,642.7,-4.9,5.3,0,1013.9,530.9,1122.8,1122.8,-591.9,10.084224521199845,3.01,1.24,23962.0,892.5,,
MARILIA,Marília,2005,370.7,16.0,29,611.6,-9.5,4.9,0,1046.6,892.5,530.9,505.4,361.6,10.103649027458413,1.96,1.252,24432.0,577.5,,
MARILIA,Marília,2006,323.8,1.4,20,656.5,-2.9,6.8,0,1020.9,577.5,892.5,1007.65,-315.0,10.11146061163223,0.78,1.18,24623.6,1204.0,,
MARILIA,Marília,2007,234.4,-26.6,26,959.9,42.0,6.5,0,1247.1,1204.0,577.5,529.4333333333334,626.5,10.127974201490762,1.67,1.026,25033.6,458.8,,
MARILIA,Marília,2008,226.0,-29.2,33,654.6,-3.2,4.5,0,1000.3,458.8,1204.0,1073.1000000000001,-745.2,10.10258018533028,-2.51,1.017,24405.9,1364.6,,
MARILIA,Marília,2009,250.5,-21.6,32,805.8,19.2,5.5,0,1079.2,1364.6,458.8,511.775,905.8,10.168306494124828,6.79,1.027,26063.9,1172.8,,
MARILIA,Marília,2010,521.0,63.1,5,695.0,2.8,3.8,0,1268.5,1172.8,1364.6,1145.975,-191.79999999999995,10.131654465615346,-3.6,1.038,25125.9,1433.9,,
MARILIA,Marília,2011,272.1,-14.8,31,678.5,0.4,6.9,0,1016.0,1433.9,1172.8,685.0,261.10000000000014,10.124067821447174,-0.76,1.239,24936.0,1354.3,,
MARILIA,Marília,2012,239.6,-25.0,29,374.3,-44.6,1.8,1,708.5,1354.3,1433.9,1223.75,-79.60000000000014,10.144942423621591,2.11,1.324,25462.0,1541.0,,
MARILIA,Marília,2013,221.2,-30.7,57,638.0,-5.6,5.4,0,970.4,1541.0,1354.3,890.85,186.70000000000005,10.063544328419841,-7.82,0.896,23471.55,1394.1,,
MARILIA,Marília,2014,240.9,-24.6,28,426.1,-37.0,3.2,0,722.1,1394.1,1541.0,1385.875,-146.9000000000001,10.133762812652549,7.27,0.774,25178.93,1202.8,,
MARILIA,Marília,2015,342.0,7.1,41,646.4,-4.4,7.0,0,1036.1,1202.8,1394.1,1095.0,-191.29999999999995,10.09629560005422,-3.68,1.213,24253.0,1383.6,,
MARILIA,Marília,2016,565.5,77.0,34,906.9,34.1,9.8,0,1532.1,1383.6,1202.8,1385.5750000000003,180.79999999999995,10.108524158073298,1.23,1.161,24551.4,1474.7,,
MARILIA,Marília,2017,203.5,-36.3,6,632.1,-6.5,2.8,0,955.7,1474.7,1383.6,1326.2,91.10000000000014,10.1152465449837,0.67,1.069,24717.0,1408.4,0.010229999999999961,
MARILIA,Marília,2018,385.9,20.8,38,732.6,8.4,4.7,0,1139.5,1408.4,1474.7,1413.1,-66.29999999999995,10.092081066090932,-2.29,0.951,24151.0,1421.5,0.019529999999999936,0.04681111111111114
MARILIA,Marília,2019,477.0,49.3,15,546.7,-19.1,5.7,0,1085.4,1421.5,1408.4,1385.1000000000001,13.099999999999909,9.947313032076158,-13.48,0.925,20896.0,984.0,0.006229999999999958,0.07291111111111115
MARILIA,Marília,2020,216.4,-32.3,59,645.0,-4.6,3.8,0,907.9,984.0,1421.5,1410.0,-437.5,9.921376585371869,-2.56,1.013,20361.0,1650.3,-0.018870000000000053,0.03121111111111108
MARILIA,Marília,2021,131.5,-58.8,65,485.0,-28.3,6.1,0,636.7,1650.3,984.0,1292.525,666.3,9.8329577863456,-8.46,1.221,18638.0,1223.1,-0.005870000000000042,-0.015188888888888918
MARILIA,Marília,2022,260.9,-18.3,53,633.1,-6.3,3.1,0,938.6,1223.1,1650.3,1437.325,-427.20000000000005,9.822982237876477,-0.99,1.588,18453.0,1072.2,-0.005770000000000053,-0.052688888888888896
MARILIA,Marília,2023,278.9,-12.7,29,736.1,8.9,5.7,0,1082.2,1072.2,1223.1,1249.775,-150.89999999999986,9.814929525554337,-0.8,1.225,18305.0,1455.0,0.010830000000000006,0.052411111111111075
MARILIA,Marília,2024,236.8,-25.9,68,437.5,-35.3,6.6,0,773.4,1455.0,1072.2,1404.675,382.79999999999995,9.469391461628812,-29.22,0.862,12957.0,1184.3,-0.01907000000000003,0.04961111111111116
MARILIA,Marília,2025,285.0,-10.8,55,413.5,-38.8,6.2,0,773.7,1184.3,1455.0,1267.625,-270.70000000000005,9.475284382957458,0.59,1.354,13033.58,1258.4,-0.011770000000000058,-0.1242888888888889
MARILIA,Marília,2026,242.6,-24.1,51,550.9,-18.5,1.7,1,865.1,1258.4,1184.3,1332.075,74.10000000000014,9.475284382957458,0.0,1.345,13033.58,,0.014529999999999932,-0.06078888888888889
MOGI MIRIM,Mogi Mirim,2001,408.4,20.1,18,760.5,0.7,2.3,0,1204.1,,,,,8.082402253926244,,0.902,3237.0,1123.6,,
MOGI MIRIM,Mogi Mirim,2002,427.2,25.6,5,904.6,19.8,6.0,0,1350.8,1123.6,,,,8.134760782418645,5.38,0.72,3411.0,1593.1,,
MOGI MIRIM,Mogi Mirim,2003,326.5,-4.0,32,827.2,9.6,5.4,0,1213.9,1593.1,1123.6,1123.6,469.5,8.116417072794205,-1.82,1.032,3349.0,863.7,,
MOGI MIRIM,Mogi Mirim,2004,326.7,-4.0,20,808.6,7.1,4.9,0,1260.4,863.7,1593.1,1593.1,-729.3999999999999,8.102889134640868,-1.34,1.24,3304.0,1182.1,,
MOGI MIRIM,Mogi Mirim,2005,352.8,3.7,11,765.2,1.4,5.6,0,1190.0,1182.1,863.7,993.65,318.39999999999986,8.102889134640868,0.0,1.252,3304.0,1236.6,,
MOGI MIRIM,Mogi Mirim,2006,417.0,22.6,10,867.4,14.9,6.9,0,1323.0,1236.6,1182.1,1387.6,54.5,8.076204527239026,-2.63,1.18,3217.0,1429.8,,
MOGI MIRIM,Mogi Mirim,2007,359.7,5.7,7,922.0,22.1,6.6,0,1341.2,1429.8,1236.6,1074.6333333333334,193.20000000000005,8.059592328887545,-1.65,1.026,3164.0,596.8,,
MOGI MIRIM,Mogi Mirim,2008,230.6,-32.2,23,805.1,6.6,5.0,0,1171.2,596.8,1429.8,1401.6666666666667,-833.0,7.878534196140362,-16.56,1.017,2640.0,1052.3,,
MOGI MIRIM,Mogi Mirim,2009,275.7,-19.0,12,798.8,5.8,6.6,0,1130.0,1052.3,596.8,955.175,455.5,8.083328608786376,22.73,1.027,3240.0,992.6,,
MOGI MIRIM,Mogi Mirim,2010,452.7,33.1,1,885.8,17.3,4.3,0,1416.4,992.6,1052.3,1314.3249999999998,-59.69999999999993,8.03365842788615,-4.85,1.038,3083.0,990.8,,
MOGI MIRIM,Mogi Mirim,2011,253.4,-25.5,21,852.3,12.9,5.6,0,1196.5,990.8,992.6,922.425,-1.8000000000000682,8.03365842788615,0.0,1.239,3083.0,698.9,,
MOGI MIRIM,Mogi Mirim,2012,373.6,9.8,15,605.3,-19.8,2.7,0,1116.5,698.9,990.8,1163.75,-291.9,8.034306936339489,0.06,1.324,3085.0,693.9,,
MOGI MIRIM,Mogi Mirim,2013,251.7,-26.0,27,893.6,18.4,6.0,0,1244.6,693.9,698.9,881.225,-5.0,7.941971258622276,-8.82,0.896,2812.9,770.3,,
MOGI MIRIM,Mogi Mirim,2014,342.9,0.8,4,387.6,-48.7,5.1,0,797.6,770.3,693.9,1041.7,76.39999999999998,8.034306936339489,9.67,0.774,3085.0,549.2,,
MOGI MIRIM,Mogi Mirim,2015,265.7,-21.9,29,661.1,-12.4,7.3,0,972.2,549.2,770.3,764.6499999999999,-221.0999999999999,8.034306936339489,0.0,1.213,3085.0,533.1,,
MOGI MIRIM,Mogi Mirim,2016,449.8,32.2,26,833.5,10.4,8.7,0,1290.4,533.1,549.2,821.55,-16.100000000000023,8.066207568006265,3.24,1.161,3185.0,933.9,,
MOGI MIRIM,Mogi Mirim,2017,272.0,-20.0,12,636.2,-15.7,1.4,1,1012.8,933.9,533.1,748.725,400.79999999999995,8.035764544501035,-3.0,1.069,3089.5,949.2,,
MOGI MIRIM,Mogi Mirim,2018,325.5,-4.3,32,577.1,-23.6,6.0,0,929.2,949.2,933.9,791.95,15.300000000000068,8.035764544501035,0.0,0.951,3089.5,949.4,,
MOGI MIRIM,Mogi Mirim,2019,420.2,23.5,7,599.6,-20.6,5.8,0,1141.6,949.4,949.2,737.8750000000001,0.1999999999999318,7.595638629866984,-35.6,0.925,1989.5,969.7,,
MOGI MIRIM,Mogi Mirim,2020,271.8,-20.1,39,706.9,-6.4,3.9,0,984.7,969.7,949.4,781.6,20.300000000000068,7.306195772153337,-25.13,1.013,1489.5,1079.5,,
MOGI MIRIM,Mogi Mirim,2021,134.6,-60.4,53,468.2,-38.0,5.6,0,617.7,1079.5,969.7,805.575,109.79999999999995,7.284477918224647,-2.15,1.221,1457.5,902.5,,
MOGI MIRIM,Mogi Mirim,2022,279.2,-17.9,37,641.7,-15.0,1.7,1,950.4,902.5,1079.5,878.0,-177.0,7.284477918224647,0.0,1.588,1457.5,899.1,,
MOGI MIRIM,Mogi Mirim,2023,318.8,-6.3,11,766.9,1.6,3.2,0,1174.7,899.1,902.5,838.625,-3.3999999999999773,7.096307385526727,-17.15,1.225,1207.5,1002.4,,
MOGI MIRIM,Mogi Mirim,2024,373.7,9.8,43,444.1,-41.2,4.9,0,835.2,1002.4,899.1,965.475,103.29999999999995,7.248859627929911,16.48,0.862,1406.5,1071.9,,
MOGI MIRIM,Mogi Mirim,2025,325.7,-4.3,41,427.8,-43.3,4.0,0,792.2,1071.9,1002.4,955.95,69.50000000000011,7.284409305236182,3.62,1.354,1457.4,903.6,,
MOGI MIRIM,Mogi Mirim,2026,199.2,-41.4,28,597.0,-20.9,3.3,0,836.4,903.6,1071.9,999.975,-168.30000000000007,7.284409305236182,0.0,1.345,1457.4,,,
ORLANDIA,Orlândia,2001,391.5,13.9,32,656.3,-22.3,3.4,0,1096.1,,,,,7.340186835320115,,0.902,1541.0,1479.2,,
ORLANDIA,Orlândia,2002,440.4,28.1,32,965.3,14.3,6.0,0,1413.6,1479.2,,,,7.468227842637542,13.66,0.72,1751.5,1446.2,,
ORLANDIA,Orlândia,2003,328.0,-4.6,46,1175.5,39.1,8.2,0,1623.6,1446.2,1479.2,1479.2,-33.0,7.665753431861699,21.84,1.032,2134.0,1277.3,,
ORLANDIA,Orlândia,2004,266.0,-22.6,37,924.4,9.4,7.2,0,1349.2,1277.3,1446.2,1446.2,-168.9000000000001,7.4977617006225685,-15.46,1.24,1804.0,1341.4,,
ORLANDIA,Orlândia,2005,327.7,-4.7,46,838.4,-0.8,6.6,0,1236.8,1341.4,1277.3,1378.25,64.10000000000014,7.65045423837133,16.5,1.252,2101.6,1570.4,,
ORLANDIA,Orlândia,2006,372.2,8.3,34,924.6,9.4,9.6,0,1358.4,1570.4,1341.4,1393.8000000000002,229.0,7.658038650912891,0.76,1.18,2117.6,1500.6,,
ORLANDIA,Orlândia,2007,515.9,50.1,14,1059.2,25.4,8.4,0,1636.8,1500.6,1570.4,1442.3,-69.80000000000018,7.658038650912891,0.0,1.026,2117.6,1256.9,,
ORLANDIA,Orlândia,2008,236.4,-31.2,58,919.9,8.9,7.0,0,1293.9,1256.9,1500.6,1429.3999999999999,-243.69999999999982,7.4349069053469,-20.0,1.017,1694.1,1568.5,,
ORLANDIA,Orlândia,2009,210.8,-38.7,50,1054.3,24.8,9.2,0,1318.5,1568.5,1256.9,1395.95,311.5999999999999,7.506811536142487,7.46,1.027,1820.4,1703.8,,
ORLANDIA,Orlândia,2010,416.4,21.2,19,871.3,3.1,4.7,0,1319.8,1703.8,1568.5,1464.175,135.29999999999995,7.586194830669808,8.26,1.038,1970.8,1754.3,,
ORLANDIA,Orlândia,2011,351.8,2.3,35,931.2,10.2,8.8,0,1400.9,1754.3,1703.8,1452.1000000000001,50.5,7.550030129168325,-3.55,1.239,1900.8,1601.7,,
ORLANDIA,Orlândia,2012,318.8,-7.3,33,739.3,-12.5,4.8,0,1141.2,1601.7,1754.3,1541.1999999999998,-152.5999999999999,7.6624678152002375,11.9,1.324,2127.0,1819.0,,
ORLANDIA,Orlândia,2013,298.2,-13.3,53,762.5,-9.7,5.8,0,1143.4,1819.0,1601.7,1533.1999999999998,217.29999999999995,7.638280129179748,-2.39,0.896,2076.17,1268.5,,
ORLANDIA,Orlândia,2014,326.4,-5.0,39,505.8,-40.1,6.4,0,921.0,1268.5,1819.0,1660.6,-550.5,7.692674569570752,5.59,0.774,2192.23,1651.4,,
ORLANDIA,Orlândia,2015,272.0,-20.9,56,657.0,-22.2,9.8,0,1023.5,1651.4,1268.5,1457.725,382.9000000000001,7.716594421538155,2.42,1.213,2245.3,1890.0,,
ORLANDIA,Orlândia,2016,405.8,18.0,47,989.2,17.1,11.0,0,1402.3,1890.0,1651.4,1698.3,238.5999999999999,7.77485576666552,6.0,1.161,2380.0,1901.6,,
ORLANDIA,Orlândia,2017,286.5,-16.7,43,656.8,-22.3,4.5,0,1017.6,1901.6,1890.0,1616.0,11.599999999999909,7.813187267521416,3.91,1.069,2473.0,2039.4,-0.003569999999999962,
ORLANDIA,Orlândia,2018,330.4,-3.9,51,844.5,-0.0,7.6,0,1204.4,2039.4,1901.6,1781.575,137.80000000000018,7.784473235736469,-2.83,0.951,2403.0,2209.1,-0.05336999999999992,0.025088888888888883
ORLANDIA,Orlândia,2019,500.9,45.7,21,584.3,-30.8,7.1,0,1198.8,2209.1,2039.4,1699.8999999999999,169.69999999999982,7.785288550384916,0.08,0.925,2404.96,2441.7,0.0013300000000000534,0.05608888888888891
ORLANDIA,Orlândia,2020,278.6,-18.9,63,836.7,-1.0,4.4,0,1139.3,2441.7,2209.1,1895.275,232.5999999999999,7.8054583252195116,2.04,1.013,2453.96,2565.0,0.010730000000000128,0.0732888888888889
ORLANDIA,Orlândia,2021,134.4,-60.9,68,514.7,-39.1,8.5,0,688.1,2565.0,2441.7,1909.9,123.30000000000018,7.8054583252195116,0.0,1.221,2453.96,2568.7,0.044130000000000114,-0.004111111111111121
ORLANDIA,Orlândia,2022,437.5,27.3,41,709.9,-16.0,3.9,0,1186.1,2568.7,2565.0,2081.775,3.699999999999818,7.77525904668174,-2.97,1.588,2380.96,1910.0,0.012830000000000119,-0.07001111111111108
ORLANDIA,Orlândia,2023,308.1,-10.4,46,852.2,0.9,5.2,0,1255.6,1910.0,2568.7,2234.95,-658.6999999999998,7.686143937851347,-8.53,1.225,2177.96,2642.7,0.03353000000000006,-0.011311111111111105
ORLANDIA,Orlândia,2024,272.3,-20.8,76,536.6,-36.5,7.8,0,833.8,2642.7,1910.0,2146.425,732.6999999999998,7.616263866654782,-6.75,0.862,2030.96,2020.0,-0.048269999999999924,0.08468888888888887
ORLANDIA,Orlândia,2025,437.8,27.4,47,496.2,-41.3,8.8,0,1001.6,2020.0,2642.7,2423.125,-622.6999999999998,7.653969180478774,3.84,1.354,2109.0,1914.3,-0.023069999999999924,-0.11511111111111111
ORLANDIA,Orlândia,2026,195.6,-43.1,66,783.2,-7.3,5.2,0,1008.7,1914.3,2020.0,2176.025,-105.70000000000005,7.653969180478774,0.0,1.345,2109.0,,0.02573000000000003,-0.038611111111111096
OURINHOS,Ourinhos,2001,434.1,28.4,18,690.9,6.0,-0.8,3,1164.5,,,,,9.76445534384057,,0.902,17404.0,802.6,,
OURINHOS,Ourinhos,2002,339.5,0.5,14,776.7,19.2,2.4,0,1136.4,802.6,,,,9.93022684972575,18.03,0.72,20542.0,910.7,,
OURINHOS,Ourinhos,2003,334.3,-1.1,28,738.5,13.4,6.1,0,1175.3,910.7,802.6,802.6,108.10000000000002,10.020781579758486,9.48,1.032,22489.0,779.7,,
OURINHOS,Ourinhos,2004,363.6,7.6,16,619.3,-4.9,5.0,0,1094.2,779.7,910.7,910.7,-131.0,9.915070213779195,-10.03,1.24,20233.0,1004.3,,
OURINHOS,Ourinhos,2005,374.7,10.9,21,528.2,-18.9,5.5,0,957.1,1004.3,779.7,791.1500000000001,224.5999999999999,9.950895809931119,3.65,1.252,20971.0,722.7,,
OURINHOS,Ourinhos,2006,395.8,17.1,8,611.3,-6.2,5.4,0,1068.4,722.7,1004.3,957.5,-281.5999999999999,9.827146319279406,-11.64,1.18,18530.0,1126.4,,
OURINHOS,Ourinhos,2007,280.6,-17.0,20,889.4,36.5,6.1,0,1237.8,1126.4,722.7,768.3333333333334,403.70000000000005,9.84548760823814,1.85,1.026,18873.0,894.1,,
OURINHOS,Ourinhos,2008,255.2,-24.5,21,698.0,7.1,3.8,0,1121.2,894.1,1126.4,1013.7999999999998,-232.30000000000007,9.788974165747367,-5.49,1.017,17836.0,1205.0,,
OURINHOS,Ourinhos,2009,299.8,-11.3,12,664.1,1.9,5.3,0,989.4,1205.0,894.1,799.775,310.9,9.774005094757891,-1.49,1.027,17571.0,1251.1,,
OURINHOS,Ourinhos,2010,501.7,48.4,5,696.6,6.9,3.5,0,1269.5,1251.1,1205.0,1061.6,46.09999999999991,9.754059039044199,-1.97,1.038,17224.0,1271.8,,
OURINHOS,Ourinhos,2011,222.5,-34.2,17,673.7,3.4,5.9,0,969.6,1271.8,1251.1,911.8999999999999,20.700000000000045,9.795066803581708,4.19,1.239,17945.0,1321.6,,
OURINHOS,Ourinhos,2012,317.2,-6.1,16,452.5,-30.5,1.8,1,856.9,1321.6,1271.8,1151.875,49.799999999999955,9.79434210527533,-0.07,1.324,17932.0,1438.1,,
OURINHOS,Ourinhos,2013,225.2,-33.4,37,717.5,10.1,4.9,0,1056.9,1438.1,1321.6,1047.375,116.5,9.714752674289807,-7.65,0.896,16560.12,1421.6,,
OURINHOS,Ourinhos,2014,288.2,-14.7,7,438.8,-32.6,5.2,0,809.5,1421.6,1438.1,1260.3249999999998,-16.5,9.788531704116965,7.66,0.774,17828.11,1189.1,,
OURINHOS,Ourinhos,2015,279.5,-17.3,32,655.6,0.6,6.5,0,988.4,1189.1,1421.6,1222.1,-232.5,9.737196812814702,-5.0,1.213,16936.0,1503.9,,
OURINHOS,Ourinhos,2016,583.8,72.7,21,874.8,34.3,8.7,0,1495.8,1503.9,1189.1,1276.0,314.8000000000002,9.70771594801777,-2.91,1.161,16444.0,1492.2,,
OURINHOS,Ourinhos,2017,220.0,-34.9,5,635.9,-2.4,1.9,1,982.8,1492.2,1503.9,1374.5500000000002,-11.700000000000045,9.714322633260165,0.66,1.069,16553.0,1532.7,-0.01083999999999996,
OURINHOS,Ourinhos,2018,373.2,10.4,16,695.7,6.8,5.3,0,1090.4,1532.7,1492.2,1347.8,40.5,9.680718930926991,-3.3,0.951,16006.0,1551.7,0.007160000000000055,-0.008933333333333349
OURINHOS,Ourinhos,2019,403.9,19.5,7,510.9,-21.6,5.7,0,990.5,1551.7,1532.7,1444.9500000000003,19.0,9.58795455192857,-8.86,0.925,14588.0,1568.0,0.033460000000000045,0.05146666666666666
OURINHOS,Ourinhos,2020,266.6,-21.1,50,460.8,-29.3,2.6,0,751.7,1568.0,1551.7,1417.775,16.299999999999955,9.585002570929301,-0.29,1.013,14545.0,1487.6,-0.0032400000000000206,-0.028233333333333333
OURINHOS,Ourinhos,2021,186.4,-44.9,46,473.0,-27.4,5.7,0,680.1,1487.6,1568.0,1506.5500000000002,-80.40000000000009,9.514141826307847,-6.84,1.221,13550.0,1457.7,-0.025339999999999918,0.038966666666666705
OURINHOS,Ourinhos,2022,299.5,-11.4,36,597.0,-8.4,1.8,1,937.5,1457.7,1487.6,1430.15,-29.899999999999864,9.380083146563278,-12.55,1.588,11850.0,1452.0,-0.011139999999999928,-0.04943333333333333
OURINHOS,Ourinhos,2023,351.6,4.0,5,636.9,-2.2,4.7,0,1045.2,1452.0,1457.7,1515.5749999999998,-5.7000000000000455,9.388319179336001,0.83,1.225,11948.0,1602.9,-0.0017399999999999638,0.051866666666666617
OURINHOS,Ourinhos,2024,338.2,0.1,49,317.9,-51.2,7.0,0,710.1,1602.9,1452.0,1495.875,150.9000000000001,9.357897936333798,-3.0,0.862,11590.0,1809.3,-0.037839999999999985,-0.011733333333333318
OURINHOS,Ourinhos,2025,256.3,-24.2,46,357.7,-45.1,4.8,0,664.4,1809.3,1602.9,1540.325,206.39999999999986,9.328390038749998,-2.91,1.354,11253.0,1859.6,0.023660000000000014,0.022466666666666635
OURINHOS,Ourinhos,2026,226.7,-32.9,28,432.4,-33.6,1.6,1,716.0,1859.6,1809.3,1575.1499999999999,50.299999999999955,9.328390038749998,0.0,1.345,11253.0,,0.025859999999999994,-0.06643333333333334
RIBEIRAO PRETO,Ribeirão Preto,2001,403.4,24.3,25,704.7,-7.5,2.3,0,1147.7,,,,,8.515992470839718,,0.902,4994.0,863.9,,
RIBEIRAO PRETO,Ribeirão Preto,2002,446.2,37.4,15,1001.0,31.3,4.8,0,1457.3,863.9,,,,8.432724034789787,-7.99,0.72,4595.0,985.3,,
RIBEIRAO PRETO,Ribeirão Preto,2003,302.2,-6.9,40,1011.2,32.7,6.5,0,1395.3,985.3,863.9,863.9,121.39999999999998,8.407601514786142,-2.48,1.032,4481.0,881.6,,
RIBEIRAO PRETO,Ribeirão Preto,2004,289.7,-10.8,32,950.4,24.7,6.0,0,1359.6,881.6,985.3,985.3,-103.69999999999993,8.31378608873786,-8.95,1.24,4079.73,994.9,,
RIBEIRAO PRETO,Ribeirão Preto,2005,321.2,-1.1,36,752.1,-1.3,5.6,0,1158.2,994.9,881.6,872.75,113.29999999999995,8.347052347610104,3.38,1.252,4217.73,993.1,,
RIBEIRAO PRETO,Ribeirão Preto,2006,348.4,7.3,21,863.4,13.3,8.3,0,1249.5,993.1,994.9,990.0999999999999,-1.7999999999999545,8.468324324149798,12.89,1.18,4761.53,1036.4,,
RIBEIRAO PRETO,Ribeirão Preto,2007,345.2,6.3,16,990.9,30.0,7.2,0,1379.9,1036.4,993.1,912.8666666666667,43.30000000000007,8.462658861067501,-0.56,1.026,4734.63,1010.6,,
RIBEIRAO PRETO,Ribeirão Preto,2008,203.8,-37.2,47,767.6,0.7,5.1,0,1103.5,1010.6,1036.4,1005.5333333333334,-25.800000000000068,8.596706528228511,14.34,1.017,5413.8,1357.2,,
RIBEIRAO PRETO,Ribeirão Preto,2009,198.0,-39.0,30,896.4,17.6,7.8,0,1142.8,1357.2,1010.6,937.3000000000001,346.6,8.637869814385779,4.2,1.027,5641.3,1540.9,,
RIBEIRAO PRETO,Ribeirão Preto,2010,476.2,46.7,8,740.0,-2.9,4.3,0,1260.0,1540.9,1357.2,1093.45,183.70000000000005,8.64878269980342,1.1,1.038,5703.2,1576.8,,
RIBEIRAO PRETO,Ribeirão Preto,2011,234.6,-27.7,38,916.9,20.3,6.6,0,1226.2,1576.8,1540.9,1106.55,35.899999999999864,8.5576055020275,-8.71,1.239,5206.2,1538.3,,
RIBEIRAO PRETO,Ribeirão Preto,2012,346.7,6.8,26,583.9,-23.4,3.8,0,1032.0,1538.3,1576.8,1241.325,-38.5,8.521464058266883,-3.55,1.324,5021.4,1647.6,,
RIBEIRAO PRETO,Ribeirão Preto,2013,307.8,-5.2,44,758.0,-0.5,5.5,0,1126.4,1647.6,1538.3,1270.725,109.29999999999995,8.423332959928619,-9.35,0.896,4552.05,1521.3,,
RIBEIRAO PRETO,Ribeirão Preto,2014,316.2,-2.6,25,311.5,-59.1,6.0,0,677.9,1521.3,1647.6,1404.5,-126.29999999999995,8.515090983324367,9.61,0.774,4989.5,1418.7,,
RIBEIRAO PRETO,Ribeirão Preto,2015,255.9,-21.2,38,636.8,-16.4,7.8,0,942.1,1418.7,1521.3,1402.775,-102.59999999999991,8.506455750873496,-0.86,1.213,4946.6,1210.1,,
RIBEIRAO PRETO,Ribeirão Preto,2016,414.8,27.8,41,842.5,10.6,10.3,0,1265.3,1210.1,1418.7,1500.075,-208.60000000000014,8.512441921990751,0.6,1.161,4976.3,1561.4,,
RIBEIRAO PRETO,Ribeirão Preto,2017,264.5,-18.5,28,563.7,-26.0,2.8,0,905.3,1561.4,1210.1,1452.65,351.3000000000002,8.509425097750526,-0.3,1.069,4961.31,1385.1,0.004329999999999945,
RIBEIRAO PRETO,Ribeirão Preto,2018,256.7,-21.0,46,685.1,-10.1,6.9,0,967.7,1385.1,1561.4,1551.1250000000002,-176.30000000000018,8.41179934186951,-9.3,0.951,4499.85,1693.0,-0.08327000000000007,-0.03768888888888894
RIBEIRAO PRETO,Ribeirão Preto,2019,453.8,39.8,17,548.8,-28.0,6.7,0,1155.1,1693.0,1385.1,1413.7,307.9000000000001,8.456731681296366,4.6,0.925,4706.65,1704.9,0.05982999999999994,-0.0023888888888889404
RIBEIRAO PRETO,Ribeirão Preto,2020,308.1,-5.1,52,717.4,-5.9,3.5,0,1041.6,1704.9,1693.0,1580.1750000000002,11.900000000000091,8.56420081542357,11.35,1.013,5240.65,1716.2,0.06052999999999997,0.10521111111111103
RIBEIRAO PRETO,Ribeirão Preto,2021,125.6,-61.3,61,477.8,-37.3,6.2,0,620.8,1716.2,1704.9,1455.3500000000001,11.299999999999955,8.525270482095625,-3.82,1.221,5040.55,1326.3,0.036129999999999884,-0.06958888888888898
RIBEIRAO PRETO,Ribeirão Preto,2022,358.1,10.3,33,679.1,-10.9,2.5,0,1082.4,1326.3,1716.2,1597.325,-389.9000000000001,8.546470400616125,2.14,1.588,5148.55,1252.9,-0.028770000000000073,-0.11258888888888896
RIBEIRAO PRETO,Ribeirão Preto,2023,338.3,4.2,24,823.4,8.0,4.2,0,1239.2,1252.9,1326.3,1406.6,-73.39999999999986,8.596004371840527,5.08,1.225,5410.0,1699.0,-0.006870000000000043,0.05071111111111104
RIBEIRAO PRETO,Ribeirão Preto,2024,308.0,-5.1,61,461.6,-39.4,5.3,0,787.8,1699.0,1252.9,1555.875,446.0999999999999,8.554488976159934,-4.07,0.862,5190.0,1534.1,-0.0355700000000001,0.10311111111111104
RIBEIRAO PRETO,Ribeirão Preto,2025,444.4,36.9,46,374.3,-50.9,6.1,0,875.2,1534.1,1699.0,1528.8250000000003,-164.9000000000001,8.61122983334262,5.84,1.354,5493.0,1736.6,-0.02597000000000005,-0.09338888888888897
RIBEIRAO PRETO,Ribeirão Preto,2026,215.9,-33.5,44,671.2,-11.9,3.5,0,913.0,1736.6,1534.1,1549.05,202.5,8.61122983334262,0.0,1.345,5493.0,,0.019629999999999925,0.05661111111111106
SAO JOAO DA BOA VISTA,São João da Boa Vista,2001,413.5,21.9,22,718.5,-6.6,2.2,0,1165.4,,,,,10.592651811785132,,0.902,39841.0,815.2,,
SAO JOAO DA BOA VISTA,São João da Boa Vista,2002,448.8,32.3,6,917.6,19.2,5.8,0,1382.4,815.2,,,,10.617686579792686,2.54,0.72,40851.0,1382.0,,
SAO JOAO DA BOA VISTA,São João da Boa Vista,2003,323.4,-4.6,31,902.4,17.2,5.7,0,1303.5,1382.0,815.2,815.2,566.8,10.641464685013865,2.41,1.032,41834.0,681.3,,
SAO JOAO DA BOA VISTA,São João da Boa Vista,2004,302.5,-10.8,23,919.1,19.4,5.6,0,1356.7,681.3,1382.0,1382.0,-700.7,10.672835068302131,3.19,1.24,43167.15,1155.4,,
SAO JOAO DA BOA VISTA,São João da Boa Vista,2005,344.6,1.6,14,776.8,0.9,6.0,0,1179.4,1155.4,681.3,748.25,474.10000000000014,10.668832131265123,-0.4,1.252,42994.7,840.2,,
SAO JOAO DA BOA VISTA,São João da Boa Vista,2006,395.6,16.6,11,865.1,12.4,7.0,0,1298.9,840.2,1155.4,1268.7,-315.20000000000005,10.658004959233452,-1.08,1.18,42531.7,1214.1,,
SAO JOAO DA BOA VISTA,São João da Boa Vista,2007,349.9,3.2,10,1005.5,30.6,6.4,0,1403.7,1214.1,840.2,778.9,373.89999999999986,10.640453034202988,-1.74,1.026,41791.7,946.8,,
SAO JOAO DA BOA VISTA,São João da Boa Vista,2008,227.7,-32.9,33,795.4,3.3,5.1,0,1178.2,946.8,1214.1,1250.5,-267.29999999999995,10.60630779779176,-3.36,1.017,40388.8,1229.1,,
SAO JOAO DA BOA VISTA,São João da Boa Vista,2009,249.3,-26.5,19,873.1,13.4,7.3,0,1192.1,1229.1,946.8,820.875,282.29999999999995,10.682498159776134,7.92,1.027,43586.3,903.7,,
SAO JOAO DA BOA VISTA,São João da Boa Vista,2010,466.4,37.5,0,830.2,7.9,4.4,0,1355.2,903.7,1229.1,1245.15,-325.39999999999986,10.704697344802005,2.24,1.038,44564.7,1364.2,,
SAO JOAO DA BOA VISTA,São João da Boa Vista,2011,262.6,-22.6,23,893.2,16.0,5.5,0,1233.2,1364.2,903.7,843.0,460.5,10.681090764636389,-2.33,1.239,43525.0,1173.4,,
SAO JOAO DA BOA VISTA,São João da Boa Vista,2012,372.8,9.9,17,621.8,-19.2,3.9,0,1122.0,1173.4,1364.2,1240.7,-190.79999999999995,10.693318968453543,1.23,1.324,44060.5,1598.1,,
SAO JOAO DA BOA VISTA,São João da Boa Vista,2013,280.1,-17.4,29,931.3,21.0,5.2,0,1302.6,1598.1,1173.4,966.0250000000001,424.6999999999998,10.610615297971366,-7.94,0.896,40563.15,1347.0,,
SAO JOAO DA BOA VISTA,São João da Boa Vista,2014,347.0,2.3,6,350.3,-54.5,4.7,0,763.7,1347.0,1598.1,1351.375,-251.0999999999999,10.693482366775896,8.64,0.774,44067.7,1249.2,,
SAO JOAO DA BOA VISTA,São João da Boa Vista,2015,286.7,-15.5,28,664.8,-13.6,7.8,0,997.9,1249.2,1347.0,1092.7250000000001,-97.79999999999995,10.684964927563508,-0.85,1.213,43693.95,1350.1,,
SAO JOAO DA BOA VISTA,São João da Boa Vista,2016,430.7,27.0,31,847.9,10.2,9.4,0,1285.4,1350.1,1249.2,1360.15,100.89999999999986,10.706367675747654,2.16,1.161,44639.2,1630.9,,
SAO JOAO DA BOA VISTA,São João da Boa Vista,2017,268.7,-20.8,18,558.0,-27.5,2.6,0,920.2,1630.9,1350.1,1193.55,280.8000000000002,10.712600563078357,0.63,1.069,44918.3,1466.6,-0.07123000000000002,
SAO JOAO DA BOA VISTA,São João da Boa Vista,2018,297.0,-12.4,34,622.8,-19.1,6.6,0,944.4,1466.6,1630.9,1460.6000000000001,-164.30000000000018,10.706042796370268,-0.65,0.951,44624.7,1430.5,-0.011229999999999962,-0.014911111111111208
SAO JOAO DA BOA VISTA,São João da Boa Vista,2019,430.3,26.8,8,558.4,-27.4,6.1,0,1126.3,1430.5,1466.6,1334.275,-36.09999999999991,10.765068634604756,6.08,0.925,47338.0,1387.0,0.03317000000000003,0.06328888888888884
SAO JOAO DA BOA VISTA,São João da Boa Vista,2020,286.1,-15.7,42,742.0,-3.6,3.0,0,1037.7,1387.0,1430.5,1477.1750000000002,-43.5,10.772990613911404,0.8,1.013,47714.5,1722.9,0.027370000000000005,0.0625888888888888
SAO JOAO DA BOA VISTA,São João da Boa Vista,2021,135.2,-60.1,49,499.7,-35.1,5.6,0,648.9,1722.9,1387.0,1387.675,335.9000000000001,10.785238598135539,1.23,1.221,48302.5,1151.8,0.03447,-0.07311111111111118
SAO JOAO DA BOA VISTA,São João da Boa Vista,2022,323.4,-4.6,32,692.4,-10.0,2.0,1,1052.5,1151.8,1722.9,1508.375,-571.1000000000001,10.777100402128553,-0.81,1.588,47911.0,1553.1,0.02476999999999996,-0.06481111111111115
SAO JOAO DA BOA VISTA,São João da Boa Vista,2023,337.2,-0.6,11,836.6,8.7,3.1,0,1255.5,1553.1,1151.8,1338.875,401.29999999999995,10.755538385347368,-2.13,1.225,46889.0,1675.6,-0.030730000000000035,0.05348888888888881
SAO JOAO DA BOA VISTA,São João da Boa Vista,2024,327.1,-3.5,44,466.3,-39.4,5.3,0,811.0,1675.6,1553.1,1584.35,122.5,10.745140941395297,-1.03,0.862,46404.0,1558.4,0.005070000000000019,0.11118888888888878
SAO JOAO DA BOA VISTA,São João da Boa Vista,2025,390.3,15.1,43,386.0,-49.9,5.2,0,827.5,1558.4,1675.6,1420.25,-117.19999999999982,10.638160479924572,-10.15,1.354,41696.0,1436.1,-0.00712999999999997,-0.1401111111111112
SAO JOAO DA BOA VISTA,São João da Boa Vista,2026,207.0,-39.0,26,628.0,-18.4,3.9,0,867.5,1436.1,1558.4,1566.225,-122.30000000000018,10.638160479924572,0.0,1.345,41696.0,,-0.004530000000000034,0.002388888888888885
TUPA,Tupã,2001,401.9,22.8,23,702.1,2.3,0.4,1,1172.4,,,,,8.942199454731238,,0.902,7648.0,662.9,,
TUPA,Tupã,2002,365.1,11.5,23,718.1,4.7,3.1,0,1088.5,662.9,,,,8.945593270806897,0.34,0.72,7674.0,626.0,,
TUPA,Tupã,2003,263.8,-19.4,39,845.5,23.2,6.7,0,1206.8,626.0,662.9,662.9,-36.89999999999998,8.978937808722277,3.39,1.032,7934.2,471.3,,
TUPA,Tupã,2004,243.5,-25.6,24,624.6,-9.0,5.6,0,972.7,471.3,626.0,626.0,-154.7,8.931287626222456,-4.65,1.24,7565.0,550.8,,
TUPA,Tupã,2005,381.2,16.4,27,604.7,-11.9,3.8,0,1050.4,550.8,471.3,567.1,79.49999999999994,8.783166320705803,-13.77,1.252,6523.5,438.2,,
TUPA,Tupã,2006,326.9,-0.2,17,670.0,-2.4,6.2,0,1030.4,438.2,550.8,588.4,-112.59999999999997,8.858439727197752,7.82,1.18,7033.5,736.3,,
TUPA,Tupã,2007,232.1,-29.1,29,972.8,41.8,7.4,0,1258.3,736.3,438.2,524.1333333333333,298.09999999999997,8.761471815260405,-9.24,1.026,6383.5,432.1,,
TUPA,Tupã,2008,227.5,-30.5,30,650.2,-5.2,4.8,0,993.8,432.1,736.3,637.6999999999999,-304.19999999999993,8.761189798525544,-0.03,1.017,6381.7,492.0,,
TUPA,Tupã,2009,254.0,-22.4,29,818.6,19.3,5.7,0,1094.4,492.0,432.1,501.125,59.89999999999998,8.913106156050782,16.41,1.027,7428.7,527.5,,
TUPA,Tupã,2010,555.0,69.5,4,760.0,10.8,3.9,0,1367.7,527.5,492.0,601.275,35.5,8.885537779420961,-2.72,1.038,7226.7,592.9,,
TUPA,Tupã,2011,306.8,-6.3,19,701.9,2.3,6.3,0,1074.3,592.9,527.5,467.275,65.39999999999998,8.892020381913914,0.65,1.239,7273.7,636.0,,
TUPA,Tupã,2012,250.1,-23.6,31,396.9,-42.2,2.2,0,745.0,636.0,592.9,593.0,43.10000000000002,8.86922939300643,-2.25,1.324,7109.8,663.1,,
TUPA,Tupã,2013,221.8,-32.3,60,659.3,-3.9,5.5,0,1004.3,663.1,636.0,508.45,27.100000000000023,8.759156926802971,-10.42,0.896,6368.74,719.7,,
TUPA,Tupã,2014,266.3,-18.7,31,457.0,-33.4,2.5,0,783.3,719.7,663.1,621.075,56.60000000000002,8.70251025718999,-5.51,0.774,6018.0,437.7,,
TUPA,Tupã,2015,359.5,9.8,37,636.7,-7.2,6.8,0,1051.4,437.7,719.7,578.825,-282.00000000000006,8.637993891561942,-6.25,1.213,5642.0,714.3,,
TUPA,Tupã,2016,593.3,81.2,32,895.6,30.5,9.1,0,1556.5,714.3,437.7,546.425,276.59999999999997,8.53856321715243,-9.46,1.161,5108.0,792.5,,
TUPA,Tupã,2017,196.8,-39.9,5,618.9,-9.8,3.1,0,924.0,792.5,714.3,649.375,78.20000000000005,8.491588162700843,-4.59,1.069,4873.6,1112.1,,
TUPA,Tupã,2018,398.0,21.5,32,781.9,14.0,5.2,0,1202.0,1112.1,792.5,621.5500000000001,319.5999999999999,8.487475976628089,-0.41,0.951,4853.6,977.4,,
TUPA,Tupã,2019,494.1,50.9,8,541.4,-21.1,5.5,0,1097.7,977.4,1112.1,795.525,-134.69999999999993,8.428799040653642,-5.7,0.925,4577.0,849.7,,
TUPA,Tupã,2020,210.6,-35.7,64,666.7,-2.8,4.0,0,927.8,849.7,977.4,717.675,-127.69999999999993,8.32263709695394,-10.07,1.013,4116.0,939.9,,
TUPA,Tupã,2021,134.6,-58.9,61,495.7,-27.8,6.8,0,648.3,939.9,849.7,848.95,90.19999999999993,8.168202930236053,-14.31,1.221,3527.0,611.6,,
TUPA,Tupã,2022,264.4,-19.3,54,628.5,-8.4,3.5,0,942.0,611.6,939.9,786.875,-328.29999999999995,7.791522819150732,-31.39,1.588,2420.0,374.5,,
TUPA,Tupã,2023,294.6,-10.0,24,757.8,10.4,5.8,0,1136.0,374.5,611.6,821.925,-237.10000000000002,7.611842399580417,-16.45,1.225,2022.0,843.1,,
TUPA,Tupã,2024,235.3,-28.1,68,450.8,-34.3,6.2,0,796.5,843.1,374.5,771.075,468.6,7.515889085215125,-9.15,0.862,1837.0,508.6,,
TUPA,Tupã,2025,289.5,-11.6,55,413.9,-39.7,6.2,0,790.4,508.6,843.1,854.125,-334.5,7.3748797674770294,-13.15,1.354,1595.4,841.3,,
TUPA,Tupã,2026,259.1,-20.9,47,552.5,-19.5,1.6,1,890.4,841.3,508.6,700.1,332.69999999999993,7.3748797674770294,0.0,1.345,1595.4,,,
