edr_chave,edr,ano,rendimento_kg_ha,rendimento_a1,rendimento_a2,area_ha,previsto
ARARAQUARA,Araraquara,2012,963.0,1045.0,978.0,2246.0,947.3098459595961
AVARE,Avaré,2012,1041.0,1086.0,880.0,7757.5,1034.9005245310248
BOTUCATU,Botucatu,2012,1450.0,1531.0,1373.0,4288.72,1499.8096706349208
BRAGANCA PAULISTA,Bragança Paulista,2012,1582.0,1579.0,1419.0,10156.1,1562.1733309523806
DRACENA,Dracena,2012,732.0,837.0,897.0,4865.0,881.4098293650796
FRANCA,Franca,2012,1958.0,875.0,1873.0,52104.2,1754.1662150793638
JAU,Jaú,2012,1702.0,1303.0,1417.0,7165.0,1337.932435714285
MARILIA,Marília,2012,1541.0,1354.0,1434.0,25462.0,1338.871372222222
MOGI MIRIM,Mogi Mirim,2012,694.0,699.0,991.0,3085.0,727.1710269841269
ORLANDIA,Orlândia,2012,1819.0,1602.0,1754.0,2127.0,1559.0002531746024
OURINHOS,Ourinhos,2012,1438.0,1322.0,1272.0,17932.0,1378.156232539682
RIBEIRAO PRETO,Ribeirão Preto,2012,1648.0,1538.0,1577.0,5021.4,1537.569777777777
SAO JOAO DA BOA VISTA,São João da Boa Vista,2012,1598.0,1173.0,1364.0,44060.5,1383.6664793650793
TUPA,Tupã,2012,663.0,636.0,593.0,7109.8,634.2586427849931
ARARAQUARA,Araraquara,2013,924.0,963.0,1045.0,1654.9,1046.1340388888889
AVARE,Avaré,2013,1045.0,1041.0,1086.0,6760.55,1164.6950309523809
BOTUCATU,Botucatu,2013,1292.0,1450.0,1531.0,3652.14,1494.8938039682548
BRAGANCA PAULISTA,Bragança Paulista,2013,1437.0,1582.0,1579.0,9264.07,1626.190600793652
DRACENA,Dracena,2013,922.0,732.0,837.0,4052.94,628.6808012987019
FRANCA,Franca,2013,1533.0,1958.0,875.0,46563.07,1119.9617325396828
JAU,Jaú,2013,1201.0,1702.0,1303.0,6307.71,1649.6389817460317
MARILIA,Marília,2013,1394.0,1541.0,1354.0,23471.55,1521.371974242424
MOGI MIRIM,Mogi Mirim,2013,770.0,694.0,699.0,2812.9,651.7034386002892
ORLANDIA,Orlândia,2013,1268.0,1819.0,1602.0,2076.17,1674.7797293650806
OURINHOS,Ourinhos,2013,1422.0,1438.0,1322.0,16560.12,1465.7316961760462
RIBEIRAO PRETO,Ribeirão Preto,2013,1521.0,1648.0,1538.0,4552.05,1655.2752587301586
SAO JOAO DA BOA VISTA,São João da Boa Vista,2013,1347.0,1598.0,1173.0,40563.15,1587.0418650793652
TUPA,Tupã,2013,720.0,663.0,636.0,6368.74,610.1253489177492
ARARAQUARA,Araraquara,2014,852.0,924.0,963.0,1792.0,1039.820861111111
AVARE,Avaré,2014,1086.0,1045.0,1041.0,6829.78,1111.0370023809533
BOTUCATU,Botucatu,2014,1069.0,1292.0,1450.0,3925.96,1371.2836658730153
BRAGANCA PAULISTA,Bragança Paulista,2014,1336.0,1437.0,1582.0,9306.05,1457.0155581529577
DRACENA,Dracena,2014,840.0,922.0,732.0,3622.0,933.2359084415589
FRANCA,Franca,2014,1798.0,1533.0,1958.0,57497.2,1955.314367460318
JAU,Jaú,2014,1582.0,1201.0,1702.0,6693.83,1434.463635425685
MARILIA,Marília,2014,1203.0,1394.0,1541.0,25178.93,1514.7301957431466
MOGI MIRIM,Mogi Mirim,2014,549.0,770.0,694.0,3085.0,874.7673666666664
ORLANDIA,Orlândia,2014,1651.0,1268.0,1819.0,2192.23,1860.5491039682545
OURINHOS,Ourinhos,2014,1189.0,1422.0,1438.0,17828.11,1457.1641714285724
RIBEIRAO PRETO,Ribeirão Preto,2014,1419.0,1521.0,1648.0,4989.5,1600.4672672438676
SAO JOAO DA BOA VISTA,São João da Boa Vista,2014,1249.0,1347.0,1598.0,44067.7,1506.367679076479
TUPA,Tupã,2014,438.0,720.0,663.0,6018.0,731.5896603174606
ARARAQUARA,Araraquara,2015,919.0,852.0,924.0,1822.0,969.6699777777784
AVARE,Avaré,2015,1041.0,1086.0,1045.0,6431.51,1087.9503833333342
BOTUCATU,Botucatu,2015,1189.0,1069.0,1292.0,3784.34,1283.2371801587306
BRAGANCA PAULISTA,Bragança Paulista,2015,1422.0,1336.0,1437.0,9329.0,1404.7705865079367
DRACENA,Dracena,2015,871.0,840.0,922.0,3400.0,839.7091166666663
FRANCA,Franca,2015,1018.0,1798.0,1533.0,59337.2,1646.3261809523815
JAU,Jaú,2015,1598.0,1582.0,1201.0,6844.0,1448.0320047619045
MARILIA,Marília,2015,1384.0,1203.0,1394.0,24253.0,1499.1045952380957
MOGI MIRIM,Mogi Mirim,2015,533.0,549.0,770.0,3085.0,776.6981356421359
ORLANDIA,Orlândia,2015,1890.0,1651.0,1268.0,2245.3,1433.1525142857147
OURINHOS,Ourinhos,2015,1504.0,1189.0,1422.0,16936.0,1456.372332539682
RIBEIRAO PRETO,Ribeirão Preto,2015,1210.0,1419.0,1521.0,4946.6,1466.6371738095231
SAO JOAO DA BOA VISTA,São João da Boa Vista,2015,1350.0,1249.0,1347.0,43693.95,1481.4746904761905
TUPA,Tupã,2015,714.0,438.0,720.0,5642.0,811.7657769841271
ARARAQUARA,Araraquara,2016,903.0,919.0,852.0,1798.0,944.2632746031742
AVARE,Avaré,2016,1402.0,1041.0,1086.0,6560.0,997.1961825396821
BOTUCATU,Botucatu,2016,1227.0,1189.0,1069.0,3756.3,1114.6120666666664
BRAGANCA PAULISTA,Bragança Paulista,2016,1500.0,1422.0,1336.0,9105.0,1474.6984663780654
DRACENA,Dracena,2016,923.0,871.0,840.0,2934.0,927.1306880952376
FRANCA,Franca,2016,2599.0,1018.0,1798.0,60152.4,1647.7529761904766
JAU,Jaú,2016,1837.0,1598.0,1582.0,6456.0,1514.8326690476188
MARILIA,Marília,2016,1475.0,1384.0,1203.0,24551.4,1429.1030198412686
MOGI MIRIM,Mogi Mirim,2016,934.0,533.0,549.0,3185.0,723.3289602453108
ORLANDIA,Orlândia,2016,1902.0,1890.0,1651.0,2380.0,1584.5548436507947
OURINHOS,Ourinhos,2016,1492.0,1504.0,1189.0,16444.0,1493.2524055555562
RIBEIRAO PRETO,Ribeirão Preto,2016,1561.0,1210.0,1419.0,4976.3,1460.986126190475
SAO JOAO DA BOA VISTA,São João da Boa Vista,2016,1631.0,1350.0,1249.0,44639.2,1469.8170563492051
TUPA,Tupã,2016,793.0,714.0,438.0,5108.0,747.3184261183266
ARARAQUARA,Araraquara,2017,884.0,903.0,919.0,1887.0,1001.202573737373
AVARE,Avaré,2017,1331.0,1402.0,1041.0,6330.0,1132.5172674603166
BOTUCATU,Botucatu,2017,1184.0,1227.0,1189.0,3513.0,1266.7759904761904
BRAGANCA PAULISTA,Bragança Paulista,2017,1503.0,1500.0,1422.0,9048.0,1543.5000581529573
DRACENA,Dracena,2017,848.0,923.0,871.0,2610.0,970.4533269841261
FRANCA,Franca,2017,1180.0,2599.0,1018.0,60933.2,1244.0751626984122
JAU,Jaú,2017,1610.0,1837.0,1598.0,6797.3,1591.411826190476
MARILIA,Marília,2017,1408.0,1475.0,1384.0,24717.0,1445.154267460317
MOGI MIRIM,Mogi Mirim,2017,949.0,934.0,533.0,3089.5,937.6565666666663
ORLANDIA,Orlândia,2017,2039.0,1902.0,1890.0,2473.0,2018.0129468253979
OURINHOS,Ourinhos,2017,1533.0,1492.0,1504.0,16553.0,1517.0284817460322
RIBEIRAO PRETO,Ribeirão Preto,2017,1385.0,1561.0,1210.0,4961.31,1497.1775904761903
SAO JOAO DA BOA VISTA,São João da Boa Vista,2017,1467.0,1631.0,1350.0,44918.3,1499.824937301587
TUPA,Tupã,2017,1112.0,793.0,714.0,4873.6,578.696112698413
ARARAQUARA,Araraquara,2018,1092.0,884.0,903.0,1900.0,923.4851992063491
AVARE,Avaré,2018,1333.0,1331.0,1402.0,6423.0,1561.8018222222215
BOTUCATU,Botucatu,2018,1292.0,1184.0,1227.0,2878.0,1323.5775119047614
BRAGANCA PAULISTA,Bragança Paulista,2018,1530.0,1503.0,1500.0,7650.7,1467.9420365079368
DRACENA,Dracena,2018,907.0,848.0,923.0,2411.0,930.0372230158727
FRANCA,Franca,2018,2362.0,1180.0,2599.0,65509.2,2387.8711119047634
JAU,Jaú,2018,1831.0,1610.0,1837.0,6891.3,1865.7210976190468
MARILIA,Marília,2018,1421.0,1408.0,1475.0,24151.0,1502.4991158730156
MOGI MIRIM,Mogi Mirim,2018,949.0,949.0,934.0,3089.5,942.1742242424239
ORLANDIA,Orlândia,2018,2209.0,2039.0,1902.0,2403.0,2333.6231896825398
OURINHOS,Ourinhos,2018,1552.0,1533.0,1492.0,16006.0,1540.4312817460323
RIBEIRAO PRETO,Ribeirão Preto,2018,1693.0,1385.0,1561.0,4499.85,1330.7275293650791
SAO JOAO DA BOA VISTA,São João da Boa Vista,2018,1431.0,1467.0,1631.0,44624.7,1405.539408730158
TUPA,Tupã,2018,977.0,1112.0,793.0,4853.6,1060.1193797979797
ARARAQUARA,Araraquara,2019,922.0,1092.0,884.0,2007.0,1003.9838952380948
AVARE,Avaré,2019,1429.0,1333.0,1331.0,6536.0,1430.7995997835494
BOTUCATU,Botucatu,2019,1289.0,1292.0,1184.0,2574.0,1328.306391269842
BRAGANCA PAULISTA,Bragança Paulista,2019,1565.0,1530.0,1503.0,7650.0,1552.7824968253965
DRACENA,Dracena,2019,1037.0,907.0,848.0,2471.0,915.4327071428565
FRANCA,Franca,2019,1309.0,2362.0,1180.0,66733.1,1548.8603190476183
JAU,Jaú,2019,1487.0,1831.0,1610.0,6793.0,1608.950944444444
MARILIA,Marília,2019,984.0,1421.0,1408.0,20896.0,1470.6061451770445
MOGI MIRIM,Mogi Mirim,2019,970.0,949.0,949.0,1989.5,951.8003587301586
ORLANDIA,Orlândia,2019,2442.0,2209.0,2039.0,2404.96,1962.8684738095235
OURINHOS,Ourinhos,2019,1568.0,1552.0,1533.0,14588.0,1527.8972023809526
RIBEIRAO PRETO,Ribeirão Preto,2019,1705.0,1693.0,1385.0,4706.65,1614.9438896825393
SAO JOAO DA BOA VISTA,São João da Boa Vista,2019,1387.0,1431.0,1467.0,47338.0,1516.571875912976
TUPA,Tupã,2019,850.0,977.0,1112.0,4577.0,1135.6208976190474
ARARAQUARA,Araraquara,2020,1186.0,922.0,1092.0,1977.0,951.0494428571429
AVARE,Avaré,2020,1429.0,1429.0,1333.0,6438.0,1411.054115079365
BOTUCATU,Botucatu,2020,1237.0,1289.0,1292.0,2459.2,1257.3505678210681
BRAGANCA PAULISTA,Bragança Paulista,2020,1803.0,1565.0,1530.0,7750.0,1528.0869349206337
DRACENA,Dracena,2020,905.0,1037.0,907.0,2245.0,912.7367055555554
FRANCA,Franca,2020,2506.0,1309.0,2362.0,67949.0,2017.8123041847045
JAU,Jaú,2020,1847.0,1487.0,1831.0,6893.0,1768.2225478354974
MARILIA,Marília,2020,1650.0,984.0,1421.0,20361.0,1296.7955976190478
MOGI MIRIM,Mogi Mirim,2020,1079.0,970.0,949.0,1489.5,931.26239047619
ORLANDIA,Orlândia,2020,2565.0,2442.0,2209.0,2453.96,2200.355654184705
OURINHOS,Ourinhos,2020,1488.0,1568.0,1552.0,14545.0,1466.6797174603173
RIBEIRAO PRETO,Ribeirão Preto,2020,1716.0,1705.0,1693.0,5240.65,1541.6301420634923
SAO JOAO DA BOA VISTA,São João da Boa Vista,2020,1723.0,1387.0,1431.0,47714.5,1425.9722380952376
TUPA,Tupã,2020,940.0,850.0,977.0,4116.0,859.1142484126985
ARARAQUARA,Araraquara,2021,1212.0,1186.0,922.0,2026.0,1067.9308373015876
AVARE,Avaré,2021,1230.0,1429.0,1429.0,6602.0,1436.3741992063492
BOTUCATU,Botucatu,2021,1303.0,1237.0,1289.0,2244.2,1266.3880015873015
BRAGANCA PAULISTA,Bragança Paulista,2021,1585.0,1803.0,1565.0,7300.0,1557.35044004329
DRACENA,Dracena,2021,1326.0,905.0,1037.0,2275.0,949.9955531746042
FRANCA,Franca,2021,1148.0,2506.0,1309.0,68791.0,1580.5557027417024
JAU,Jaú,2021,1684.0,1847.0,1487.0,6940.0,1553.807598773449
MARILIA,Marília,2021,1223.0,1650.0,984.0,18638.0,1165.3564961038956
MOGI MIRIM,Mogi Mirim,2021,902.0,1079.0,970.0,1457.5,963.7203031746035
ORLANDIA,Orlândia,2021,2569.0,2565.0,2442.0,2453.96,2061.238125396825
OURINHOS,Ourinhos,2021,1458.0,1488.0,1568.0,13550.0,1506.1901769841281
RIBEIRAO PRETO,Ribeirão Preto,2021,1326.0,1716.0,1705.0,5040.55,1571.4248261904768
SAO JOAO DA BOA VISTA,São João da Boa Vista,2021,1152.0,1723.0,1387.0,48302.5,1549.1063995670993
TUPA,Tupã,2021,612.0,940.0,850.0,3527.0,904.4409642857148
ARARAQUARA,Araraquara,2022,905.0,1212.0,1186.0,2303.84,1413.185841269841
AVARE,Avaré,2022,1576.0,1230.0,1429.0,5390.3,1457.287576190476
BOTUCATU,Botucatu,2022,1194.0,1303.0,1237.0,2223.2,1393.0611095238094
BRAGANCA PAULISTA,Bragança Paulista,2022,1490.0,1585.0,1803.0,7513.0,1823.6731912698426
DRACENA,Dracena,2022,801.0,1326.0,905.0,1490.0,1184.1374865079363
FRANCA,Franca,2022,1392.0,1148.0,2506.0,68129.0,2326.992341269841
JAU,Jaú,2022,1736.0,1684.0,1847.0,6868.0,1924.7964753968258
MARILIA,Marília,2022,1072.0,1223.0,1650.0,18453.0,1551.1680166666665
MOGI MIRIM,Mogi Mirim,2022,899.0,902.0,1079.0,1457.5,1059.7027166666664
ORLANDIA,Orlândia,2022,1910.0,2569.0,2565.0,2380.96,2363.545081746031
OURINHOS,Ourinhos,2022,1452.0,1458.0,1488.0,11850.0,1469.604776984127
RIBEIRAO PRETO,Ribeirão Preto,2022,1253.0,1326.0,1716.0,5148.55,1611.1110896103903
SAO JOAO DA BOA VISTA,São João da Boa Vista,2022,1553.0,1152.0,1723.0,47911.0,1588.8816697691202
TUPA,Tupã,2022,374.0,612.0,940.0,2420.0,754.0082142857143
ARARAQUARA,Araraquara,2023,1146.0,905.0,1212.0,2201.0,1300.7483071428576
AVARE,Avaré,2023,1499.0,1576.0,1230.0,5139.3,1516.5243484126981
BOTUCATU,Botucatu,2023,1376.0,1194.0,1303.0,2268.2,1310.3838357142856
BRAGANCA PAULISTA,Bragança Paulista,2023,1599.0,1490.0,1585.0,6768.0,1510.6850707792203
DRACENA,Dracena,2023,1421.0,801.0,1326.0,486.0,1356.2678142857146
FRANCA,Franca,2023,1938.0,1392.0,1148.0,69183.0,1315.886165873017
JAU,Jaú,2023,1525.0,1736.0,1684.0,6985.0,1628.6163015873012
MARILIA,Marília,2023,1455.0,1072.0,1223.0,18305.0,1423.3906420634937
MOGI MIRIM,Mogi Mirim,2023,1002.0,899.0,902.0,1207.5,929.9667015873022
ORLANDIA,Orlândia,2023,2643.0,1910.0,2569.0,2177.96,2308.4542880952367
OURINHOS,Ourinhos,2023,1603.0,1452.0,1458.0,11948.0,1435.525911111112
RIBEIRAO PRETO,Ribeirão Preto,2023,1699.0,1253.0,1326.0,5410.0,1470.7167572871572
SAO JOAO DA BOA VISTA,São João da Boa Vista,2023,1676.0,1553.0,1152.0,46889.0,1333.6183563492064
TUPA,Tupã,2023,843.0,374.0,612.0,2022.0,768.1858507936508
ARARAQUARA,Araraquara,2024,1202.0,1146.0,905.0,2330.4,999.4472563492066
AVARE,Avaré,2024,1501.0,1499.0,1576.0,4608.0,1452.64987063492
BOTUCATU,Botucatu,2024,1369.0,1376.0,1194.0,2168.2,1309.7005595238086
BRAGANCA PAULISTA,Bragança Paulista,2024,1623.0,1599.0,1490.0,6929.0,1540.8352573593077
DRACENA,Dracena,2024,1117.0,1421.0,801.0,502.0,1082.1006000721502
FRANCA,Franca,2024,1684.0,1938.0,1392.0,68493.0,1294.4548571428566
JAU,Jaú,2024,1473.0,1525.0,1736.0,6850.0,1493.7910293650789
MARILIA,Marília,2024,1184.0,1455.0,1072.0,12957.0,1200.3560801587305
MOGI MIRIM,Mogi Mirim,2024,1072.0,1002.0,899.0,1406.5,929.5346814574317
ORLANDIA,Orlândia,2024,2020.0,2643.0,1910.0,2030.96,2149.476825396825
OURINHOS,Ourinhos,2024,1809.0,1603.0,1452.0,11590.0,1441.4106238095237
RIBEIRAO PRETO,Ribeirão Preto,2024,1534.0,1699.0,1253.0,5190.0,1389.5004452380956
SAO JOAO DA BOA VISTA,São João da Boa Vista,2024,1558.0,1676.0,1553.0,46404.0,1430.9444833333332
TUPA,Tupã,2024,509.0,843.0,374.0,1837.0,864.5870515873015
ARARAQUARA,Araraquara,2025,1149.0,1202.0,1146.0,2349.0,1350.8256579975584
AVARE,Avaré,2025,1532.0,1501.0,1499.0,4907.0,1402.034555555556
BOTUCATU,Botucatu,2025,1371.0,1369.0,1376.0,2174.2,1298.3638158730168
BRAGANCA PAULISTA,Bragança Paulista,2025,1734.0,1623.0,1599.0,7294.5,1514.419203174603
DRACENA,Dracena,2025,1241.0,1117.0,1421.0,620.0,1419.7464619047616
FRANCA,Franca,2025,1602.0,1684.0,1938.0,68862.0,1975.7708344155826
JAU,Jaú,2025,1280.0,1473.0,1525.0,6794.8,1484.183515079365
MARILIA,Marília,2025,1258.0,1184.0,1455.0,13033.58,1460.1937374458882
MOGI MIRIM,Mogi Mirim,2025,904.0,1072.0,1002.0,1457.4,1032.62747069597
ORLANDIA,Orlândia,2025,1914.0,2020.0,2643.0,2109.0,2138.9248531746025
OURINHOS,Ourinhos,2025,1860.0,1809.0,1603.0,11253.0,1482.7608285714282
RIBEIRAO PRETO,Ribeirão Preto,2025,1737.0,1534.0,1699.0,5493.0,1545.1778111111112
SAO JOAO DA BOA VISTA,São João da Boa Vista,2025,1436.0,1558.0,1676.0,41696.0,1514.715104761905
TUPA,Tupã,2025,841.0,509.0,843.0,1595.4,556.8213880952381
