edr_chave,edr,ano,alvo,rendimento_a1,rendimento_a2,capacidade,previsto
ANDRADINA,Andradina,1992,1800.0,2084.3,,20.0,2111.5045146879634
ARARAQUARA,Araraquara,1992,2566.7,2109.5,1849.1,180.0,2074.6010328644284
ARACATUBA,Araçatuba,1992,1860.3,2131.3,2232.8,2345.0,2614.029216534188
ASSIS,Assis,1992,1995.3,1855.4,2238.5,87118.0,2070.0508343439205
AVARE,Avaré,1992,2190.1,1852.2,2550.0,3630.0,2760.897093934149
BARRETOS,Barretos,1992,2438.1,2490.5,2309.1,21575.0,2177.6583565298183
BOTUCATU,Botucatu,1992,1700.0,1336.4,1600.0,300.0,1883.3722960064285
CAMPINAS,Campinas,1992,1658.4,2280.0,,610.0,2482.076091769595
FERNANDOPOLIS,Fernandópolis,1992,1676.1,2126.2,834.5,920.0,2079.1065127385455
FRANCA,Franca,1992,2811.6,1727.9,2475.4,12760.0,2847.5244310394132
GENERAL SALGADO,General Salgado,1992,2303.9,2569.7,2452.9,1268.0,2616.67191492622
ITAPETININGA,Itapetininga,1992,2142.9,1642.1,1800.0,350.0,2159.0216417245847
ITAPEVA,Itapeva,1992,3240.0,2941.5,,5000.0,3334.8192311133785
LIMEIRA,Limeira,1992,2040.0,2450.0,4108.9,200.0,3280.054134825354
MOGI MIRIM,Mogi Mirim,1992,2114.3,1900.0,2733.3,1050.0,3364.6260290863693
ORLANDIA,Orlândia,1992,2130.1,1894.7,2146.9,74940.0,2119.214081085741
OURINHOS,Ourinhos,1992,1573.6,2247.8,1516.9,2650.0,2035.0863164541759
PRESIDENTE PRUDENTE,Presidente Prudente,1992,1680.0,1573.0,1515.8,1850.0,1746.0425116105625
SOROCABA,Sorocaba,1992,2250.0,1200.0,,800.0,1957.5980210023504
SAO JOSE DO RIO PRETO,São José do Rio Preto,1992,1740.8,1943.5,1799.6,2423.0,1852.211303750197
SAO JOAO DA BOA VISTA,São João da Boa Vista,1992,1788.3,1560.0,1930.9,770.0,1998.406808200575
ANDRADINA,Andradina,1993,2273.9,1800.0,2084.3,238.0,2029.1236994121132
ARARAQUARA,Araraquara,1993,2287.5,2566.7,2109.5,800.0,2754.762650826488
ARACATUBA,Araçatuba,1993,2202.3,1860.3,2131.3,4596.0,2190.743858514772
ASSIS,Assis,1993,2645.0,1995.3,1855.4,105360.0,1894.0075249165973
AVARE,Avaré,1993,2057.6,2190.1,1852.2,5250.0,2089.8745200796056
BARRETOS,Barretos,1993,1805.9,2438.1,2490.5,32640.0,2137.909531273096
BOTUCATU,Botucatu,1993,1650.0,1700.0,1336.4,300.0,1920.2858046074202
CAMPINAS,Campinas,1993,4545.9,1658.4,2280.0,1110.0,2157.849368882236
FERNANDOPOLIS,Fernandópolis,1993,1743.4,1676.1,2126.2,1430.0,1886.2803042972232
FRANCA,Franca,1993,2381.6,2811.6,1727.9,10815.0,2117.939912016376
GENERAL SALGADO,General Salgado,1993,2807.7,2303.9,2569.7,2808.0,2330.2026404405087
ITAPETININGA,Itapetininga,1993,2312.2,2142.9,1642.1,820.0,1651.8685807992529
ITAPEVA,Itapeva,1993,2803.1,3240.0,2941.5,6400.0,3481.527361533441
LIMEIRA,Limeira,1993,2086.3,2040.0,2450.0,1205.0,2616.494952697342
MOGI MIRIM,Mogi Mirim,1993,2192.3,2114.3,1900.0,1300.0,2489.2041922165495
ORLANDIA,Orlândia,1993,1989.5,2130.1,1894.7,91060.0,2024.241978950106
OURINHOS,Ourinhos,1993,2091.9,1573.6,2247.8,3553.0,2075.331910591828
PRESIDENTE PRUDENTE,Presidente Prudente,1993,1833.6,1680.0,1573.0,5765.0,1598.8307984258672
PRESIDENTE VENCESLAU,Presidente Venceslau,1993,1800.0,,1500.0,320.0,2103.506186975393
SOROCABA,Sorocaba,1993,2314.3,2250.0,1200.0,1050.0,1907.277122172888
SAO JOSE DO RIO PRETO,São José do Rio Preto,1993,1815.0,1740.8,1943.5,1954.0,2113.382713450363
SAO JOAO DA BOA VISTA,São João da Boa Vista,1993,1894.1,1788.3,1560.0,1020.0,1745.0164152384323
ANDRADINA,Andradina,1994,2528.3,2273.9,1800.0,1162.0,2353.902799840155
ARARAQUARA,Araraquara,1994,2361.5,2287.5,2566.7,1090.0,2264.4078562486434
ARACATUBA,Araçatuba,1994,1677.7,2202.3,1860.3,6234.0,2374.819619941712
ASSIS,Assis,1994,1786.6,2645.0,1995.3,147561.0,2801.7129774731898
AVARE,Avaré,1994,2104.0,2057.6,2190.1,7485.0,2409.2276598528942
BARRETOS,Barretos,1994,2143.4,1805.9,2438.1,37706.0,2367.450041312932
BOTUCATU,Botucatu,1994,1606.7,1650.0,1700.0,832.0,2163.892172185635
CAMPINAS,Campinas,1994,5664.0,4545.9,1658.4,1250.0,3079.6710747516186
FERNANDOPOLIS,Fernandópolis,1994,1139.5,1743.4,1676.1,1140.0,1959.8058452148568
FRANCA,Franca,1994,2144.0,2381.6,2811.6,12365.0,2089.436479736189
GENERAL SALGADO,General Salgado,1994,2197.1,2807.7,2303.9,1692.0,2872.1555347548288
ITAPETININGA,Itapetininga,1994,2011.8,2312.2,2142.9,1388.0,2461.4908551662297
ITAPEVA,Itapeva,1994,2447.2,2803.1,3240.0,4450.0,2674.806513507702
LIMEIRA,Limeira,1994,2600.5,2086.3,2040.0,1200.0,2257.6307359749967
MOGI MIRIM,Mogi Mirim,1994,2134.0,2192.3,2114.3,1525.0,2268.109532200646
ORLANDIA,Orlândia,1994,1776.5,1989.5,2130.1,113675.0,2469.979509935097
OURINHOS,Ourinhos,1994,1042.1,2091.9,1573.6,7834.0,2341.626399895212
PRESIDENTE PRUDENTE,Presidente Prudente,1994,1391.5,1833.6,1680.0,8100.0,1917.8517018696675
PRESIDENTE VENCESLAU,Presidente Venceslau,1994,1909.1,1800.0,,660.0,1616.9824021725665
SOROCABA,Sorocaba,1994,2123.1,2314.3,2250.0,1300.0,2217.2784784820283
SAO JOSE DO RIO PRETO,São José do Rio Preto,1994,2043.3,1815.0,1740.8,2115.0,1669.5358702870128
SAO JOAO DA BOA VISTA,São João da Boa Vista,1994,2246.8,1894.1,1788.3,1077.0,1794.5400435994745
ANDRADINA,Andradina,1995,3213.7,2528.3,2273.9,466.0,2132.5225210807334
ARARAQUARA,Araraquara,1995,2290.2,2361.5,2287.5,820.0,2314.486575682705
ARACATUBA,Araçatuba,1995,2169.4,1677.7,2202.3,4960.0,2133.245866430919
ASSIS,Assis,1995,2996.9,1786.6,2645.0,153650.0,2424.9874111391287
AVARE,Avaré,1995,2283.4,2104.0,2057.6,11915.0,2063.9020840899943
BARRETOS,Barretos,1995,2149.8,2143.4,1805.9,35460.0,2068.0767246161445
BOTUCATU,Botucatu,1995,1850.0,1606.7,1650.0,1200.0,1674.772891545013
CAMPINAS,Campinas,1995,4345.6,5664.0,4545.9,2205.0,4845.311956150619
FERNANDOPOLIS,Fernandópolis,1995,1683.8,1139.5,1743.4,1420.0,1860.6848006189061
FRANCA,Franca,1995,2354.5,2144.0,2381.6,11470.0,2379.794405217254
GENERAL SALGADO,General Salgado,1995,1934.0,2197.1,2807.7,1923.0,2424.7087694456773
ITAPETININGA,Itapetininga,1995,1898.5,2011.8,2312.2,2072.0,2173.805836455111
ITAPEVA,Itapeva,1995,2432.1,2447.2,2803.1,7480.0,2483.6644129151427
LIMEIRA,Limeira,1995,2763.9,2600.5,2086.3,1550.0,2453.5640477325123
MOGI MIRIM,Mogi Mirim,1995,2891.0,2134.0,2192.3,1420.0,2163.084977156285
ORLANDIA,Orlândia,1995,2480.3,1776.5,1989.5,102126.0,2124.583242635964
OURINHOS,Ourinhos,1995,2703.4,1042.1,2091.9,7120.0,1990.708845284413
PRESIDENTE PRUDENTE,Presidente Prudente,1995,2151.5,1391.5,1833.6,6880.0,1782.577685706156
PRESIDENTE VENCESLAU,Presidente Venceslau,1995,1737.1,1909.1,1800.0,458.0,2057.9616879065165
SOROCABA,Sorocaba,1995,2504.0,2123.1,2314.3,3310.0,2367.663304995797
SAO JOSE DO RIO PRETO,São José do Rio Preto,1995,1574.8,2043.3,1815.0,2325.0,2081.8200874697422
SAO JOAO DA BOA VISTA,São João da Boa Vista,1995,2498.8,2246.8,1894.1,647.0,2153.8053274584363
ANDRADINA,Andradina,1996,3078.3,3213.7,2528.3,920.0,3047.5950227597714
ARARAQUARA,Araraquara,1996,2429.8,2290.2,2361.5,1210.0,2257.2104640605125
ARACATUBA,Araçatuba,1996,2666.1,2169.4,1677.7,6545.0,1512.2880871416924
ASSIS,Assis,1996,2027.9,2996.9,1786.6,146664.0,2280.5094725672116
AVARE,Avaré,1996,2181.8,2283.4,2104.0,11080.0,2543.3268175280896
BARRETOS,Barretos,1996,2456.1,2149.8,2143.4,34799.0,2224.555787409956
BOTUCATU,Botucatu,1996,1852.2,1850.0,1606.7,1150.0,1775.8735422273119
CAMPINAS,Campinas,1996,5732.9,4345.6,5664.0,1095.0,4162.282921245422
FERNANDOPOLIS,Fernandópolis,1996,1939.6,1683.8,1139.5,1010.0,1736.742388598443
FRANCA,Franca,1996,2625.0,2354.5,2144.0,11400.0,2481.360742803494
GENERAL SALGADO,General Salgado,1996,2557.1,1934.0,2197.1,1726.0,2466.758293974297
ITAPETININGA,Itapetininga,1996,2094.5,1898.5,2011.8,1642.0,2260.695174355996
ITAPEVA,Itapeva,1996,2454.5,2432.1,2447.2,4400.0,2358.136144899234
LIMEIRA,Limeira,1996,2424.6,2763.9,2600.5,731.0,2691.271396174515
MOGI MIRIM,Mogi Mirim,1996,2934.4,2891.0,2134.0,1830.0,2509.6794590480285
ORLANDIA,Orlândia,1996,2381.3,2480.3,1776.5,107748.0,2191.7427119350773
OURINHOS,Ourinhos,1996,1160.9,2703.4,1042.1,9210.0,2155.1938278299613
PRESIDENTE PRUDENTE,Presidente Prudente,1996,2416.0,2151.5,1391.5,4610.0,1636.8415200624256
PRESIDENTE VENCESLAU,Presidente Venceslau,1996,2190.0,1737.1,1909.1,800.0,1914.2482299493936
SOROCABA,Sorocaba,1996,2307.2,2504.0,2123.1,3370.0,2420.6653174232983
SAO JOSE DO RIO PRETO,São José do Rio Preto,1996,1940.9,1574.8,2043.3,1714.0,2072.4962529540567
SAO JOAO DA BOA VISTA,São João da Boa Vista,1996,2773.9,2498.8,2246.8,1765.0,2354.602339805434
ANDRADINA,Andradina,1997,2898.9,3078.3,3213.7,1430.0,2675.041572533416
ARARAQUARA,Araraquara,1997,2110.2,2429.8,2290.2,679.0,2483.2608332192453
ARACATUBA,Araçatuba,1997,2857.6,2666.1,2169.4,6018.0,2840.466252310059
ASSIS,Assis,1997,2244.5,2027.9,2996.9,147630.0,2952.7691376358684
AVARE,Avaré,1997,2300.6,2181.8,2283.4,6550.0,2769.860299628677
BARRETOS,Barretos,1997,1446.8,2456.1,2149.8,38447.0,2443.2086785185033
BOTUCATU,Botucatu,1997,1757.2,1852.2,1850.0,1284.0,2057.8896792339515
CAMPINAS,Campinas,1997,2834.3,5732.9,4345.6,335.0,4718.624862614657
FERNANDOPOLIS,Fernandópolis,1997,1668.9,1939.6,1683.8,1510.0,1816.3176084546874
FRANCA,Franca,1997,1643.2,2625.0,2354.5,11875.0,2821.98163361418
GENERAL SALGADO,General Salgado,1997,2902.5,2557.1,1934.0,2800.0,2645.720212799476
ITAPETININGA,Itapetininga,1997,2248.9,2094.5,1898.5,2321.0,2109.73354243054
ITAPEVA,Itapeva,1997,2627.7,2454.5,2432.1,5770.0,2754.4621551362766
LIMEIRA,Limeira,1997,3244.6,2424.6,2763.9,1300.0,2488.223486751243
MOGI MIRIM,Mogi Mirim,1997,2948.5,2934.4,2891.0,2471.0,2763.57482818215
ORLANDIA,Orlândia,1997,1301.6,2381.3,2480.3,94591.0,2457.713208282195
OURINHOS,Ourinhos,1997,2600.1,1160.9,2703.4,9806.0,1680.0927767688602
PRESIDENTE PRUDENTE,Presidente Prudente,1997,2435.9,2416.0,2151.5,6210.0,2186.5253920228383
PRESIDENTE VENCESLAU,Presidente Venceslau,1997,1835.1,2190.0,1737.1,770.0,2243.8324582963096
SOROCABA,Sorocaba,1997,2312.5,2307.2,2504.0,3120.0,2501.635386719609
SAO JOSE DO RIO PRETO,São José do Rio Preto,1997,1964.5,1940.9,1574.8,1796.0,1583.179140304644
SAO JOAO DA BOA VISTA,São João da Boa Vista,1997,2902.6,2773.9,2498.8,5730.0,3044.6362525120517
ANDRADINA,Andradina,1998,2759.4,2898.9,3078.3,2458.0,2700.463321836213
ARARAQUARA,Araraquara,1998,2421.7,2110.2,2429.8,1463.0,2524.570004030847
ARACATUBA,Araçatuba,1998,2999.8,2857.6,2666.1,11780.0,2640.5029158503917
ASSIS,Assis,1998,3723.0,2244.5,2027.9,154347.0,1837.953426116379
AVARE,Avaré,1998,2901.5,2300.6,2181.8,10050.0,2305.345680936276
BARRETOS,Barretos,1998,2489.3,1446.8,2456.1,40767.0,2537.3505679509003
BOTUCATU,Botucatu,1998,2218.9,1757.2,1852.2,913.0,1845.6871788479266
CAMPINAS,Campinas,1998,4998.1,2834.3,5732.9,1866.0,3379.1026068041847
FERNANDOPOLIS,Fernandópolis,1998,1905.7,1668.9,1939.6,1762.0,1903.2715852560261
FRANCA,Franca,1998,2674.5,1643.2,2625.0,10590.0,2694.899384568832
GENERAL SALGADO,General Salgado,1998,2726.8,2902.5,2557.1,3995.0,2672.508514222663
ITAPETININGA,Itapetininga,1998,2881.5,2248.9,2094.5,2619.0,2186.93868856327
ITAPEVA,Itapeva,1998,3595.2,2627.7,2454.5,5650.0,2519.3642713788918
LIMEIRA,Limeira,1998,3472.6,3244.6,2424.6,1130.0,3177.6264897027504
MOGI MIRIM,Mogi Mirim,1998,3027.7,2948.5,2934.4,3250.0,2772.818683250975
ORLANDIA,Orlândia,1998,2249.8,1301.6,2381.3,82704.0,2476.5418891107765
OURINHOS,Ourinhos,1998,2933.2,2600.1,1160.9,15958.0,1791.6389884432162
PRESIDENTE PRUDENTE,Presidente Prudente,1998,2636.6,2435.9,2416.0,10450.0,2300.3302705145557
PRESIDENTE VENCESLAU,Presidente Venceslau,1998,1720.0,1835.1,2190.0,900.0,2164.5623084330123
SOROCABA,Sorocaba,1998,2360.4,2312.5,2307.2,3760.0,2308.937596100055
SAO JOSE DO RIO PRETO,São José do Rio Preto,1998,2356.5,1964.5,1940.9,3501.0,1953.500794165208
SAO JOAO DA BOA VISTA,São João da Boa Vista,1998,1748.4,2902.6,2773.9,930.0,2789.7924431175707
ANDRADINA,Andradina,1999,2711.5,2759.4,2898.9,2666.0,2684.032120840389
ARARAQUARA,Araraquara,1999,2443.4,2421.7,2110.2,1370.0,2402.680277855263
ARACATUBA,Araçatuba,1999,2922.5,2999.8,2857.6,11930.0,2374.018459435835
ASSIS,Assis,1999,3202.9,3723.0,2244.5,150955.0,3091.499420939564
AVARE,Avaré,1999,3025.0,2901.5,2300.6,8630.0,2622.599552224096
BARRETOS,Barretos,1999,1277.6,2489.3,1446.8,41528.0,2089.4371945792527
BOTUCATU,Botucatu,1999,2391.4,2218.9,1757.2,1147.0,2142.041681207863
CAMPINAS,Campinas,1999,2933.9,4998.1,2834.3,1216.0,3857.6380058714362
FERNANDOPOLIS,Fernandópolis,1999,1838.7,1905.7,1668.9,2015.0,1669.0499325582934
FRANCA,Franca,1999,1785.2,2674.5,1643.2,13830.0,2555.162358885385
GENERAL SALGADO,General Salgado,1999,2946.5,2726.8,2902.5,3084.0,2868.610123503113
ITAPETININGA,Itapetininga,1999,2674.7,2881.5,2248.9,3954.0,2715.5599287538093
ITAPEVA,Itapeva,1999,3547.8,3595.2,2627.7,6960.0,3619.973806424043
LIMEIRA,Limeira,1999,2562.5,3472.6,3244.6,912.0,3256.961168191992
MOGI MIRIM,Mogi Mirim,1999,2651.4,3027.7,2948.5,4440.0,2810.515539631737
ORLANDIA,Orlândia,1999,1416.8,2249.8,1301.6,92304.0,1815.911790245486
OURINHOS,Ourinhos,1999,3020.9,2933.2,2600.1,17815.0,2000.5507690488053
PRESIDENTE PRUDENTE,Presidente Prudente,1999,2596.6,2636.6,2435.9,11400.0,2366.6046729481486
PRESIDENTE VENCESLAU,Presidente Venceslau,1999,2163.2,1720.0,1835.1,950.0,2259.0661437823587
SOROCABA,Sorocaba,1999,2358.2,2360.4,2312.5,3140.0,2385.274935091751
SAO JOSE DO RIO PRETO,São José do Rio Preto,1999,2135.6,2356.5,1964.5,3206.0,2330.6896637917985
SAO JOAO DA BOA VISTA,São João da Boa Vista,1999,2830.6,1748.4,2902.6,3330.0,2877.2232680507086
ANDRADINA,Andradina,2000,2734.5,2711.5,2759.4,4181.0,3260.8606128442566
ARARAQUARA,Araraquara,2000,1563.5,2443.4,2421.7,1370.0,2844.6360647139077
ARACATUBA,Araçatuba,2000,1428.4,2922.5,2999.8,12380.0,3235.673909836961
ASSIS,Assis,2000,1887.2,3202.9,3723.0,148884.0,3508.996699123423
AVARE,Avaré,2000,2251.2,3025.0,2901.5,10400.0,3536.1794448691685
BARRETOS,Barretos,2000,684.2,1277.6,2489.3,35475.0,3151.791017329648
BOTUCATU,Botucatu,2000,1536.8,2391.4,2218.9,2690.0,2844.454520461831
CAMPINAS,Campinas,2000,2822.3,2933.9,4998.1,1790.0,4001.9167775036376
FERNANDOPOLIS,Fernandópolis,2000,1897.3,1838.7,1905.7,2220.0,2337.0886143477182
FRANCA,Franca,2000,2664.9,1785.2,2674.5,14280.0,3185.049147302947
GENERAL SALGADO,General Salgado,2000,2486.4,2946.5,2726.8,4662.0,3337.8405839777292
ITAPETININGA,Itapetininga,2000,3252.4,2674.7,2881.5,8440.0,3445.216612591836
ITAPEVA,Itapeva,2000,4042.6,3547.8,3595.2,14778.0,3932.8519885833803
LIMEIRA,Limeira,2000,2632.2,2562.5,3472.6,1460.0,3568.8416805692236
MOGI MIRIM,Mogi Mirim,2000,3395.3,2651.4,3027.7,2699.0,3412.185225142689
ORLANDIA,Orlândia,2000,1242.7,1416.8,2249.8,78830.0,3340.6752673202013
OURINHOS,Ourinhos,2000,2000.8,3020.9,2933.2,14852.0,3544.8845938210784
PRESIDENTE PRUDENTE,Presidente Prudente,2000,1646.2,2596.6,2636.6,14560.0,3250.302038260192
PRESIDENTE VENCESLAU,Presidente Venceslau,2000,1676.7,2163.2,1720.0,1178.0,2452.609646374685
SOROCABA,Sorocaba,2000,2800.0,2358.2,2360.4,1500.0,2754.546828527497
SAO JOSE DO RIO PRETO,São José do Rio Preto,2000,1704.4,2135.6,2356.5,3540.0,2725.787772286179
SAO JOAO DA BOA VISTA,São João da Boa Vista,2000,2394.9,2830.6,1748.4,2340.0,3549.5562533536017
ANDRADINA,Andradina,2001,4077.8,2734.5,2711.5,2210.0,2942.180381026508
ARARAQUARA,Araraquara,2001,2542.6,1563.5,2443.4,3030.0,3095.922515623784
ARACATUBA,Araçatuba,2001,2973.5,1428.4,2922.5,14720.0,2972.212806071571
ASSIS,Assis,2001,2794.2,1887.2,3202.9,138831.0,3428.0602460388964
AVARE,Avaré,2001,3355.0,2251.2,3025.0,10960.0,3119.767670035217
BARRETOS,Barretos,2001,894.6,684.2,1277.6,23205.0,2450.539452324118
BOTUCATU,Botucatu,2001,2691.4,1536.8,2391.4,1750.0,2785.1083353169956
CAMPINAS,Campinas,2001,3337.5,2822.3,2933.9,480.0,3448.757871277985
FERNANDOPOLIS,Fernandópolis,2001,1862.5,1897.3,1838.7,1900.0,2172.9398012378615
FRANCA,Franca,2001,2259.3,2664.9,1785.2,4820.0,2433.3249789514966
GENERAL SALGADO,General Salgado,2001,3176.8,2486.4,2946.5,2667.0,2923.8427170184823
ITAPETININGA,Itapetininga,2001,3420.6,3252.4,2674.7,4950.0,3152.0406002839104
ITAPEVA,Itapeva,2001,4156.3,4042.6,3547.8,15100.0,4589.07877550786
LIMEIRA,Limeira,2001,2875.9,2632.2,2562.5,1450.0,3211.1996994739957
MOGI MIRIM,Mogi Mirim,2001,3756.7,3395.3,2651.4,5115.0,3666.470319589119
ORLANDIA,Orlândia,2001,1216.3,1242.7,1416.8,51900.0,1787.3868642871328
OURINHOS,Ourinhos,2001,2924.6,2000.8,3020.9,18370.0,3261.4683578782933
PRESIDENTE PRUDENTE,Presidente Prudente,2001,2727.0,1646.2,2596.6,11900.0,3327.115004376312
PRESIDENTE VENCESLAU,Presidente Venceslau,2001,2269.1,1676.7,2163.2,1164.0,2117.2058066775753
SOROCABA,Sorocaba,2001,3000.0,2800.0,2358.2,2760.0,3191.532181158617
SAO JOSE DO RIO PRETO,São José do Rio Preto,2001,2548.1,1704.4,2135.6,2192.0,2543.801985264305
SAO JOAO DA BOA VISTA,São João da Boa Vista,2001,2737.0,2394.9,2830.6,1380.0,2296.6998573760047
ANDRADINA,Andradina,2002,3444.4,4077.8,2734.5,1620.0,3616.9427360063323
ARARAQUARA,Araraquara,2002,2547.0,2542.6,1563.5,1757.0,2736.569054336786
ARACATUBA,Araçatuba,2002,1689.1,2973.5,1428.4,14200.0,2951.760951455315
ASSIS,Assis,2002,2063.9,2794.2,1887.2,130216.0,2845.456221736514
AVARE,Avaré,2002,2773.9,3355.0,2251.2,13850.0,3300.138545418372
BARRETOS,Barretos,2002,900.8,894.6,684.2,24292.0,2066.9046160849484
BOTUCATU,Botucatu,2002,2015.6,2691.4,1536.8,1670.0,2622.7500927109227
CAMPINAS,Campinas,2002,2775.3,3337.5,2822.3,2470.0,3630.971738381834
FERNANDOPOLIS,Fernandópolis,2002,1911.7,1862.5,1897.3,2470.0,2044.6526824525927
FRANCA,Franca,2002,1975.2,2259.3,2664.9,4350.0,2573.561940252697
GENERAL SALGADO,General Salgado,2002,2376.6,3176.8,2486.4,2782.1,3304.7982877154745
ITAPETININGA,Itapetininga,2002,3549.1,3420.6,3252.4,6690.0,3580.179694502644
ITAPEVA,Itapeva,2002,4467.2,4156.3,4042.6,18824.0,4572.118708387786
LIMEIRA,Limeira,2002,2233.0,2875.9,2632.2,970.0,3185.55160882602
MOGI MIRIM,Mogi Mirim,2002,3434.8,3756.7,3395.3,2516.8,4096.306060562468
ORLANDIA,Orlândia,2002,1519.4,1216.3,1242.7,46140.0,1861.2416600420936
OURINHOS,Ourinhos,2002,2534.4,2924.6,2000.8,17120.0,3100.681083927483
PRESIDENTE PRUDENTE,Presidente Prudente,2002,2357.8,2727.0,1646.2,13903.0,2791.1631986445527
PRESIDENTE VENCESLAU,Presidente Venceslau,2002,1691.2,2269.1,1676.7,1081.0,2543.67794030901
SOROCABA,Sorocaba,2002,3525.8,3000.0,2800.0,1746.0,3008.374490960998
SAO JOSE DO RIO PRETO,São José do Rio Preto,2002,2783.7,2548.1,1704.4,2452.0,2826.1341153726485
SAO JOAO DA BOA VISTA,São João da Boa Vista,2002,2833.6,2737.0,2394.9,2423.0,3034.5658152804904
ANDRADINA,Andradina,2003,3384.2,3444.4,4077.8,2030.0,3962.820892557617
ARARAQUARA,Araraquara,2003,2702.3,2547.0,2542.6,1492.0,3525.909871329511
ARACATUBA,Araçatuba,2003,3174.2,1689.1,2973.5,22555.0,2974.796934787116
ASSIS,Assis,2003,3984.5,2063.9,2794.2,133217.0,3082.0308539611974
AVARE,Avaré,2003,3708.3,2773.9,3355.0,16120.0,3753.337077645287
BARRETOS,Barretos,2003,3016.8,900.8,894.6,23267.0,2010.6841527433246
BOTUCATU,Botucatu,2003,3065.9,2015.6,2691.4,1730.0,2786.60243119457
CAMPINAS,Campinas,2003,2925.3,2775.3,3337.5,1855.6,3537.2271845785895
FERNANDOPOLIS,Fernandópolis,2003,2358.5,1911.7,1862.5,2890.0,2725.905158023148
FRANCA,Franca,2003,2878.9,1975.2,2259.3,2850.0,2997.4227312718585
GENERAL SALGADO,General Salgado,2003,3322.1,2376.6,3176.8,4545.0,3483.1658287903188
ITAPETININGA,Itapetininga,2003,3669.6,3549.1,3420.6,11560.0,4027.7160761355217
ITAPEVA,Itapeva,2003,5227.1,4467.2,4156.3,9160.0,4705.655739118744
LIMEIRA,Limeira,2003,3372.4,2233.0,2875.9,1707.0,3068.4560354806467
MOGI MIRIM,Mogi Mirim,2003,3271.2,3434.8,3756.7,2810.0,4194.984842975397
ORLANDIA,Orlândia,2003,2957.1,1519.4,1216.3,28596.0,1833.6828816407885
OURINHOS,Ourinhos,2003,3076.8,2534.4,2924.6,18980.0,3711.499359665633
PRESIDENTE PRUDENTE,Presidente Prudente,2003,2920.9,2357.8,2727.0,32296.0,2914.996500348184
PRESIDENTE VENCESLAU,Presidente Venceslau,2003,2137.4,1691.2,2269.1,2134.0,2520.4083197051714
SOROCABA,Sorocaba,2003,3429.8,3525.8,3000.0,3678.0,3832.5637885209585
SAO JOSE DO RIO PRETO,São José do Rio Preto,2003,2893.6,2783.7,2548.1,3282.0,3434.0946417973014
SAO JOAO DA BOA VISTA,São João da Boa Vista,2003,3027.6,2833.6,2737.0,2170.0,3489.254398124608
ANDRADINA,Andradina,2004,2868.1,3384.2,3444.4,4550.0,3861.085236265229
ARARAQUARA,Araraquara,2004,3035.8,2702.3,2547.0,1340.0,3255.6547355926846
ARACATUBA,Araçatuba,2004,3593.6,3174.2,1689.1,16274.4,3776.0266576154427
ASSIS,Assis,2004,2995.8,3984.5,2063.9,142659.0,3465.4830874517324
AVARE,Avaré,2004,3405.3,3708.3,2773.9,14300.0,3869.1724430671134
BARRETOS,Barretos,2004,3105.6,3016.8,900.8,25862.0,2883.0428282845487
BOTUCATU,Botucatu,2004,3019.7,3065.9,2015.6,1604.2,3248.9587672823022
CAMPINAS,Campinas,2004,3021.5,2925.3,2775.3,1536.0,3493.130773781612
FERNANDOPOLIS,Fernandópolis,2004,1802.2,2358.5,1911.7,1390.0,2677.733410194222
FRANCA,Franca,2004,3311.3,2878.9,1975.2,2650.0,2806.305403736695
GENERAL SALGADO,General Salgado,2004,3035.0,3322.1,2376.6,3080.0,3500.766074186494
ITAPETININGA,Itapetininga,2004,4059.9,3669.6,3549.1,6850.0,3457.490620228014
ITAPEVA,Itapeva,2004,4701.0,5227.1,4467.2,6910.0,4539.205316742124
LIMEIRA,Limeira,2004,2517.4,3372.4,2233.0,230.0,3360.6641643850053
MOGI MIRIM,Mogi Mirim,2004,3662.8,3271.2,3434.8,1625.0,4044.3159658317277
ORLANDIA,Orlândia,2004,3513.6,2957.1,1519.4,24450.0,2574.0766477311136
OURINHOS,Ourinhos,2004,3850.4,3076.8,2534.4,18167.0,3817.7318278816574
PRESIDENTE PRUDENTE,Presidente Prudente,2004,2495.2,2920.9,2357.8,50621.0,3577.5624396172625
PRESIDENTE VENCESLAU,Presidente Venceslau,2004,1722.5,2137.4,1691.2,1487.0,2481.8608244129236
SOROCABA,Sorocaba,2004,2946.5,3429.8,3525.8,5940.0,3699.8045882994843
SAO JOSE DO RIO PRETO,São José do Rio Preto,2004,2808.5,2893.6,2783.7,2475.0,3723.093706511813
SAO JOAO DA BOA VISTA,São João da Boa Vista,2004,3220.7,3027.6,2833.6,2420.0,3368.8626060720408
ANDRADINA,Andradina,2005,3918.8,2868.1,3384.2,3063.0,3594.3052934095303
ARARAQUARA,Araraquara,2005,3040.8,3035.8,2702.3,1030.0,2907.3162614556704
ARACATUBA,Araçatuba,2005,3091.2,3593.6,3174.2,18028.0,3258.300719738449
ASSIS,Assis,2005,2213.8,2995.8,3984.5,141586.0,3382.354561317006
AVARE,Avaré,2005,3143.7,3405.3,3708.3,9350.0,3643.7715707918665
BARRETOS,Barretos,2005,1888.9,3105.6,3016.8,25044.0,3028.883031254426
BOTUCATU,Botucatu,2005,2971.9,3019.7,3065.9,1600.0,3042.081776519414
CAMPINAS,Campinas,2005,3093.1,3021.5,2925.3,1772.0,2903.24399080415
FERNANDOPOLIS,Fernandópolis,2005,3131.2,1802.2,2358.5,3430.0,2176.4845842300397
FRANCA,Franca,2005,2867.4,3311.3,2878.9,2670.0,3148.2810780365458
GENERAL SALGADO,General Salgado,2005,3513.3,3035.0,3322.1,2382.0,3434.1625760895317
ITAPETININGA,Itapetininga,2005,3816.1,4059.9,3669.6,4882.0,4250.617859238756
ITAPEVA,Itapeva,2005,2914.1,4701.0,5227.1,12160.0,5292.001927241019
LIMEIRA,Limeira,2005,4272.9,2517.4,3372.4,852.0,2450.0896411164963
MOGI MIRIM,Mogi Mirim,2005,3293.0,3662.8,3271.2,1290.0,3881.8768788464413
ORLANDIA,Orlândia,2005,1954.6,3513.6,2957.1,24650.0,3210.965861433787
OURINHOS,Ourinhos,2005,2637.0,3850.4,3076.8,19590.0,3192.025188485565
PRESIDENTE PRUDENTE,Presidente Prudente,2005,2599.1,2495.2,2920.9,31880.0,2658.1775977762095
PRESIDENTE VENCESLAU,Presidente Venceslau,2005,1331.6,1722.5,2137.4,2826.0,2018.1238154878888
SOROCABA,Sorocaba,2005,2894.5,2946.5,3429.8,3868.0,3511.818917946199
SAO JOSE DO RIO PRETO,São José do Rio Preto,2005,2055.9,2808.5,2893.6,1495.0,3024.198891309263
SAO JOAO DA BOA VISTA,São João da Boa Vista,2005,3148.1,3220.7,3027.6,770.0,2986.70108565071
ANDRADINA,Andradina,2006,3238.1,3918.8,2868.1,1260.0,4265.352114479741
ARARAQUARA,Araraquara,2006,1930.6,3040.8,3035.8,620.0,2723.5838065491316
ARACATUBA,Araçatuba,2006,2285.7,3091.2,3593.6,10064.0,2950.1202362664017
ASSIS,Assis,2006,1758.0,2213.8,2995.8,116500.0,2650.7598083748385
AVARE,Avaré,2006,3245.9,3143.7,3405.3,6751.0,3538.0274725208146
BARRETOS,Barretos,2006,1740.8,1888.9,3105.6,17779.0,2381.6641046304962
BOTUCATU,Botucatu,2006,2247.5,2971.9,3019.7,1200.0,2518.286430912316
CAMPINAS,Campinas,2006,3369.2,3093.1,3021.5,772.0,2532.042577095956
FERNANDOPOLIS,Fernandópolis,2006,1572.3,3131.2,1802.2,1265.0,2831.1321210876467
FRANCA,Franca,2006,2806.1,2867.4,3311.3,2120.0,2575.6885567885
GENERAL SALGADO,General Salgado,2006,4224.7,3513.3,3035.0,1603.0,4054.2718389990305
ITAPETININGA,Itapetininga,2006,3818.0,3816.1,4059.9,5560.0,4656.635245672938
ITAPEVA,Itapeva,2006,3968.1,2914.1,4701.0,16120.0,4648.238587372166
LIMEIRA,Limeira,2006,3998.7,4272.9,2517.4,760.0,4367.5430194089595
MOGI MIRIM,Mogi Mirim,2006,4000.0,3293.0,3662.8,570.0,3424.8151571159574
ORLANDIA,Orlândia,2006,1608.0,1954.6,3513.6,18750.0,2419.507520174748
OURINHOS,Ourinhos,2006,2455.5,2637.0,3850.4,16390.0,3548.792623862298
PRESIDENTE PRUDENTE,Presidente Prudente,2006,1903.5,2599.1,2495.2,34795.0,2084.5846144233055
PRESIDENTE VENCESLAU,Presidente Venceslau,2006,1487.8,1331.6,1722.5,2450.0,1779.995362103618
SOROCABA,Sorocaba,2006,2779.5,2894.5,2946.5,3700.0,2915.731921971165
SAO JOSE DO RIO PRETO,São José do Rio Preto,2006,2441.4,2055.9,2808.5,1102.0,2206.8151956196994
SAO JOAO DA BOA VISTA,São João da Boa Vista,2006,2672.7,3148.1,3220.7,440.0,2540.550359441888
ANDRADINA,Andradina,2007,3100.0,3238.1,3918.8,1560.0,3686.7218349364603
ARARAQUARA,Araraquara,2007,2465.9,1930.6,3040.8,820.0,2839.6801973338784
ARACATUBA,Araçatuba,2007,2206.9,2285.7,3091.2,3310.0,2803.4579198547867
ASSIS,Assis,2007,3638.0,1758.0,2213.8,102750.0,2279.352982312994
AVARE,Avaré,2007,4025.5,3245.9,3143.7,10640.0,3604.1661353570667
BARRETOS,Barretos,2007,3035.3,1740.8,1888.9,14564.0,2132.585021180509
BOTUCATU,Botucatu,2007,2628.1,2247.5,2971.9,1710.0,3292.6533648269906
CAMPINAS,Campinas,2007,2853.1,3369.2,3093.1,535.0,3406.677636715504
FERNANDOPOLIS,Fernandópolis,2007,1749.2,1572.3,3131.2,1240.0,2604.191481441566
FRANCA,Franca,2007,3120.9,2806.1,2867.4,2730.0,2769.5582562587488
GENERAL SALGADO,General Salgado,2007,3344.8,4224.7,3513.3,1253.0,3704.0239720079794
ITAPETININGA,Itapetininga,2007,4051.6,3818.0,3816.1,6430.0,4036.879375320481
ITAPEVA,Itapeva,2007,4617.0,3968.1,2914.1,22880.0,4241.283286375801
LIMEIRA,Limeira,2007,2681.4,3998.7,4272.9,970.0,3998.5695123406795
MOGI MIRIM,Mogi Mirim,2007,3864.0,4000.0,3293.0,1250.0,3744.9595396358704
ORLANDIA,Orlândia,2007,2560.9,1608.0,1954.6,13050.0,2284.716879913844
OURINHOS,Ourinhos,2007,2887.5,2455.5,2637.0,15686.0,3351.1576526741947
PRESIDENTE PRUDENTE,Presidente Prudente,2007,2572.4,1903.5,2599.1,22100.0,2330.669138485871
PRESIDENTE VENCESLAU,Presidente Venceslau,2007,2040.6,1487.8,1331.6,1970.0,1823.4332295381266
SOROCABA,Sorocaba,2007,2676.2,2779.5,2894.5,4040.0,3193.7182037808334
SAO JOSE DO RIO PRETO,São José do Rio Preto,2007,2774.6,2441.4,2055.9,812.0,2299.4604144575083
SAO JOAO DA BOA VISTA,São João da Boa Vista,2007,1562.5,2672.7,3148.1,960.0,3142.604705228069
ANDRADINA,Andradina,2008,3373.6,3100.0,3238.1,2072.0,3887.9884345444284
ARARAQUARA,Araraquara,2008,2940.0,2465.9,1930.6,500.0,2962.2818238720456
ARACATUBA,Araçatuba,2008,3299.1,2206.9,2285.7,5856.5,3095.7144635087457
ASSIS,Assis,2008,4391.4,3638.0,1758.0,108450.0,3313.4244837530937
AVARE,Avaré,2008,4464.1,4025.5,3245.9,8484.0,3964.5452161130643
BARRETOS,Barretos,2008,3872.6,3035.3,1740.8,10200.0,2685.1221446195636
BOTUCATU,Botucatu,2008,2515.6,2628.1,2247.5,1090.0,3205.46914529177
CAMPINAS,Campinas,2008,3452.9,2853.1,3369.2,1020.0,3545.5845975043403
FERNANDOPOLIS,Fernandópolis,2008,2198.1,1749.2,1572.3,938.4,2285.8297399855655
FRANCA,Franca,2008,2973.7,3120.9,2806.1,2280.0,3328.2122359741843
GENERAL SALGADO,General Salgado,2008,3625.4,3344.8,4224.7,1866.0,4033.391206934725
ITAPETININGA,Itapetininga,2008,5379.0,4051.6,3818.0,14300.0,3517.991798257686
ITAPEVA,Itapeva,2008,6046.4,4617.0,3968.1,14100.0,4702.343606062288
LIMEIRA,Limeira,2008,2718.6,2681.4,3998.7,970.0,3754.2782836694155
MOGI MIRIM,Mogi Mirim,2008,3794.1,3864.0,4000.0,1700.0,3953.75860118066
ORLANDIA,Orlândia,2008,3573.5,2560.9,1608.0,13494.7,2804.629933430294
OURINHOS,Ourinhos,2008,3499.5,2887.5,2455.5,20040.0,3492.061951268199
PRESIDENTE PRUDENTE,Presidente Prudente,2008,3550.8,2572.4,1903.5,22880.0,2808.9307351526995
PRESIDENTE VENCESLAU,Presidente Venceslau,2008,2205.4,2040.6,1487.8,1872.0,1794.8216397018257
SOROCABA,Sorocaba,2008,5239.4,2676.2,2779.5,3550.0,3176.1907595946036
SAO JOSE DO RIO PRETO,São José do Rio Preto,2008,3132.9,2774.6,2441.4,700.0,2692.075749447294
SAO JOAO DA BOA VISTA,São João da Boa Vista,2008,3653.4,1562.5,2672.7,326.1,2833.1003590914997
ANDRADINA,Andradina,2009,5193.8,3373.6,3100.0,1409.5,3576.105544090636
ARARAQUARA,Araraquara,2009,2782.8,2940.0,2465.9,580.0,2935.6451109952436
ARACATUBA,Araçatuba,2009,3773.0,3299.1,2206.9,7849.4,2934.7092465257347
ASSIS,Assis,2009,2663.7,4391.4,3638.0,107380.0,4010.6103064220906
AVARE,Avaré,2009,4745.4,4464.1,4025.5,9926.0,4273.876617774274
BARRETOS,Barretos,2009,3258.0,3872.6,3035.3,12664.0,3350.597843327775
BOTUCATU,Botucatu,2009,2970.6,2515.6,2628.1,1430.0,3022.4935110230035
CAMPINAS,Campinas,2009,3611.7,3452.9,2853.1,1535.0,3965.624225956029
FERNANDOPOLIS,Fernandópolis,2009,1969.4,2198.1,1749.2,850.0,2040.406407738033
FRANCA,Franca,2009,3093.3,2973.7,3120.9,2380.0,3345.1080964366374
GENERAL SALGADO,General Salgado,2009,3963.7,3625.4,3344.8,1368.4,4280.048268086317
ITAPETININGA,Itapetininga,2009,5191.6,5379.0,4051.6,15230.0,5195.793376785284
ITAPEVA,Itapeva,2009,3448.5,6046.4,4617.0,13270.0,4713.951617785301
LIMEIRA,Limeira,2009,3255.5,2718.6,2681.4,472.0,3480.548075440282
MOGI MIRIM,Mogi Mirim,2009,4436.2,3794.1,3864.0,1270.0,4255.296896300528
ORLANDIA,Orlândia,2009,3003.7,3573.5,2560.9,13085.9,3195.1245609283715
OURINHOS,Ourinhos,2009,3188.9,3499.5,2887.5,24357.0,3053.879801257159
PRESIDENTE PRUDENTE,Presidente Prudente,2009,2728.4,3550.8,2572.4,26500.0,2977.8130508738045
PRESIDENTE VENCESLAU,Presidente Venceslau,2009,2408.6,2205.4,2040.6,2430.0,1933.8314276382248
SOROCABA,Sorocaba,2009,2872.5,5239.4,2676.2,3745.0,4296.8960839331285
SAO JOSE DO RIO PRETO,São José do Rio Preto,2009,3118.1,3132.9,2774.6,940.0,2600.429486326833
SAO JOAO DA BOA VISTA,São João da Boa Vista,2009,4773.8,3653.4,1562.5,643.0,3532.7993597203026
ANDRADINA,Andradina,2010,5779.2,5193.8,3373.6,1780.0,4734.876749521399
ARARAQUARA,Araraquara,2010,2250.0,2782.8,2940.0,200.0,2708.458479024939
ARACATUBA,Araçatuba,2010,3214.9,3773.0,3299.1,9282.0,3131.382355393538
ASSIS,Assis,2010,4191.3,2663.7,4391.4,113620.0,4772.826550763107
AVARE,Avaré,2010,4832.8,4745.4,4464.1,10341.0,4766.365378401187
BARRETOS,Barretos,2010,3847.0,3258.0,3872.6,14428.0,3439.096473104835
BOTUCATU,Botucatu,2010,3558.1,2970.6,2515.6,1232.0,3121.309621196128
CAMPINAS,Campinas,2010,4246.2,3611.7,3452.9,130.0,3769.5524737294504
FERNANDOPOLIS,Fernandópolis,2010,2107.5,1969.4,2198.1,800.0,2580.831953677331
FRANCA,Franca,2010,3412.5,3093.3,2973.7,1910.0,2990.8840751246416
GENERAL SALGADO,General Salgado,2010,4001.3,3963.7,3625.4,1130.5,3696.7228260504994
ITAPETININGA,Itapetininga,2010,5456.0,5191.6,5379.0,12380.0,4565.591708408959
ITAPEVA,Itapeva,2010,5253.0,3448.5,6046.4,18530.0,4374.469110560076
LIMEIRA,Limeira,2010,3263.9,3255.5,2718.6,582.0,3603.4563743608696
MOGI MIRIM,Mogi Mirim,2010,4338.5,4436.2,3794.1,650.0,4665.21821621214
ORLANDIA,Orlândia,2010,2698.7,3003.7,3573.5,11115.9,2531.8684845835633
OURINHOS,Ourinhos,2010,3705.6,3188.9,3499.5,21300.0,3954.7385070010378
PRESIDENTE PRUDENTE,Presidente Prudente,2010,3834.4,2728.4,3550.8,19250.0,2921.3358057052824
PRESIDENTE VENCESLAU,Presidente Venceslau,2010,2891.4,2408.6,2205.4,2144.0,2712.3020266789804
SOROCABA,Sorocaba,2010,3152.1,2872.5,5239.4,2639.0,4210.009809137272
SAO JOSE DO RIO PRETO,São José do Rio Preto,2010,2978.9,3118.1,3132.9,1140.0,3012.0989045589195
SAO JOAO DA BOA VISTA,São João da Boa Vista,2010,3873.6,4773.8,3653.4,3050.0,3813.6273564662283
ANDRADINA,Andradina,2011,3540.4,5779.2,5193.8,1138.0,4455.542470806677
ARARAQUARA,Araraquara,2011,1500.0,2250.0,2782.8,100.0,2375.7254042311074
ARACATUBA,Araçatuba,2011,2000.9,3214.9,3773.0,10523.0,3237.763844292713
ASSIS,Assis,2011,1913.2,4191.3,2663.7,122500.0,4624.828757175317
AVARE,Avaré,2011,4896.3,4832.8,4745.4,7230.0,5042.953528158014
BARRETOS,Barretos,2011,4747.3,3847.0,3258.0,15382.0,4119.542811580182
BOTUCATU,Botucatu,2011,3729.6,3558.1,2970.6,1505.0,3138.6314697937382
CAMPINAS,Campinas,2011,2742.9,4246.2,3611.7,350.0,4584.377078753837
FERNANDOPOLIS,Fernandópolis,2011,1934.8,2107.5,1969.4,890.0,2222.3044826812725
FRANCA,Franca,2011,3170.0,3412.5,3093.3,2330.0,2963.82342066414
GENERAL SALGADO,General Salgado,2011,3822.9,4001.3,3963.7,1470.0,4086.320630061091
ITAPETININGA,Itapetininga,2011,4408.1,5456.0,5191.6,9422.0,4964.119980039613
ITAPEVA,Itapeva,2011,3831.0,5253.0,3448.5,22600.0,5082.619830132797
LIMEIRA,Limeira,2011,3968.5,3263.9,3255.5,552.0,3541.670754449991
MOGI MIRIM,Mogi Mirim,2011,4712.8,4338.5,4436.2,1790.0,4765.1980041809675
ORLANDIA,Orlândia,2011,3426.6,2698.7,3003.7,5625.0,2842.0837095817237
OURINHOS,Ourinhos,2011,2519.2,3705.6,3188.9,33182.0,4100.240114743012
PRESIDENTE PRUDENTE,Presidente Prudente,2011,3928.5,3834.4,2728.4,26430.0,3716.1168380531512
PRESIDENTE VENCESLAU,Presidente Venceslau,2011,2194.7,2891.4,2408.6,2347.0,2835.5540271616674
SOROCABA,Sorocaba,2011,4688.1,3152.1,2872.5,2349.0,4122.90708813758
SAO JOSE DO RIO PRETO,São José do Rio Preto,2011,2850.2,2978.9,3118.1,1482.0,2245.3115202130393
SAO JOAO DA BOA VISTA,São João da Boa Vista,2011,4279.9,3873.6,4773.8,3380.0,4867.9367408962635
ANDRADINA,Andradina,2012,3850.7,3540.4,5779.2,1125.0,4957.857611942867
ARARAQUARA,Araraquara,2012,3746.2,1500.0,2250.0,800.0,2942.859429018965
ARACATUBA,Araçatuba,2012,4393.6,2000.9,3214.9,13277.0,2839.2263254742647
ASSIS,Assis,2012,4478.3,1913.2,4191.3,118850.0,3021.041837942452
AVARE,Avaré,2012,5261.9,4896.3,4832.8,12600.0,4564.833430076442
BARRETOS,Barretos,2012,4507.1,4747.3,3847.0,13980.0,4518.464672238908
BOTUCATU,Botucatu,2012,3428.8,3729.6,3558.1,1549.0,3229.361191888675
CAMPINAS,Campinas,2012,3152.6,2742.9,4246.2,1140.0,3604.479144861784
FERNANDOPOLIS,Fernandópolis,2012,1885.0,1934.8,2107.5,694.4,2195.842873602711
FRANCA,Franca,2012,4529.0,3170.0,3412.5,1550.0,3351.0944268318863
GENERAL SALGADO,General Salgado,2012,3729.7,3822.9,4001.3,1605.0,3718.4068160933803
ITAPETININGA,Itapetininga,2012,5341.4,4408.1,5456.0,5663.36,5319.716415572886
ITAPEVA,Itapeva,2012,5294.7,3831.0,5253.0,27888.0,4547.525887735519
LIMEIRA,Limeira,2012,4481.1,3968.5,3263.9,537.0,3215.0056021157056
MOGI MIRIM,Mogi Mirim,2012,3833.5,4712.8,4338.5,2120.0,5271.9943272332075
ORLANDIA,Orlândia,2012,3825.0,3426.6,2698.7,7992.0,3129.124200068595
OURINHOS,Ourinhos,2012,4943.2,2519.2,3705.6,37662.0,2795.513600898675
PRESIDENTE PRUDENTE,Presidente Prudente,2012,3904.2,3928.5,3834.4,34120.0,3661.697701019233
PRESIDENTE VENCESLAU,Presidente Venceslau,2012,3343.8,2194.7,2891.4,2740.0,2703.082493976393
SOROCABA,Sorocaba,2012,3192.9,4688.1,3152.1,2019.0,3488.9120041968226
SAO JOSE DO RIO PRETO,São José do Rio Preto,2012,3657.9,2850.2,2978.9,1710.0,3005.5044886713717
SAO JOAO DA BOA VISTA,São João da Boa Vista,2012,3058.4,4279.9,3873.6,4620.0,5330.3178297508875
ANDRADINA,Andradina,2013,5297.7,3850.7,3540.4,2052.0,4170.954763799875
ARARAQUARA,Araraquara,2013,3490.9,3746.2,1500.0,220.0,3610.4688333279933
ARACATUBA,Araçatuba,2013,4118.9,4393.6,2000.9,15955.7,3220.347818999846
ASSIS,Assis,2013,4201.4,4478.3,1913.2,121050.0,3633.7970470964256
AVARE,Avaré,2013,4773.9,5261.9,4896.3,12650.0,5667.842398577279
BARRETOS,Barretos,2013,5323.8,4507.1,4747.3,14462.0,4412.738353412917
BOTUCATU,Botucatu,2013,3770.9,3428.8,3729.6,2465.0,3291.27068181418
CAMPINAS,Campinas,2013,3703.3,3152.6,2742.9,1080.0,3677.8308561104423
FERNANDOPOLIS,Fernandópolis,2013,1377.5,1885.0,1934.8,534.0,2457.893247878913
FRANCA,Franca,2013,4051.5,4529.0,3170.0,1071.0,4238.9964134845795
GENERAL SALGADO,General Salgado,2013,4543.6,3729.7,3822.9,2348.0,3531.436696655412
ITAPETININGA,Itapetininga,2013,4961.3,5341.4,4408.1,14580.0,6198.2338884504825
ITAPEVA,Itapeva,2013,5268.0,5294.7,3831.0,33410.0,4168.398760671927
LIMEIRA,Limeira,2013,4556.6,4481.1,3968.5,758.0,3694.3399181431905
MOGI MIRIM,Mogi Mirim,2013,5802.5,3833.5,4712.8,2445.0,4257.137776444571
ORLANDIA,Orlândia,2013,3626.8,3825.0,3426.6,8050.0,3581.072944415257
OURINHOS,Ourinhos,2013,4321.4,4943.2,2519.2,42810.0,4197.135073637806
PRESIDENTE PRUDENTE,Presidente Prudente,2013,3260.9,3904.2,3928.5,34640.0,4169.706886691998
PRESIDENTE VENCESLAU,Presidente Venceslau,2013,3620.6,3343.8,2194.7,4510.0,3233.25110756321
SOROCABA,Sorocaba,2013,3253.3,3192.9,4688.1,2319.0,4556.493661523131
SAO JOSE DO RIO PRETO,São José do Rio Preto,2013,3406.7,3657.9,2850.2,2184.0,3258.3748532374016
SAO JOAO DA BOA VISTA,São João da Boa Vista,2013,4733.6,3058.4,4279.9,3930.0,3788.0824941632595
ANDRADINA,Andradina,2014,2119.7,5297.7,3850.7,760.0,4088.263661118
ARARAQUARA,Araraquara,2014,4098.1,3490.9,3746.2,530.0,3223.7311788554075
ARACATUBA,Araçatuba,2014,3141.9,4118.9,4393.6,14227.4,3473.229449965543
ASSIS,Assis,2014,4971.6,4201.4,4478.3,118550.0,3661.1195295478137
AVARE,Avaré,2014,5215.1,4773.9,5261.9,14048.0,4768.612036386772
BARRETOS,Barretos,2014,4764.9,5323.8,4507.1,13221.0,5216.11554237191
BOTUCATU,Botucatu,2014,3554.9,3770.9,3428.8,1477.0,4296.351788536164
CAMPINAS,Campinas,2014,3725.3,3703.3,3152.6,910.0,3966.4581749579015
FERNANDOPOLIS,Fernandópolis,2014,1906.4,1377.5,1885.0,644.2,1921.522909931629
FRANCA,Franca,2014,4572.3,4051.5,4529.0,1370.0,4952.327542287361
GENERAL SALGADO,General Salgado,2014,3141.5,4543.6,3729.7,2070.96,4387.08986154905
ITAPETININGA,Itapetininga,2014,4364.5,4961.3,5341.4,7550.0,5235.161320533294
ITAPEVA,Itapeva,2014,4338.3,5268.0,5294.7,31970.0,4587.876080216469
LIMEIRA,Limeira,2014,3309.1,4556.6,4481.1,1252.0,5450.084649953038
MOGI MIRIM,Mogi Mirim,2014,3993.3,5802.5,3833.5,1530.0,4063.4925169216135
ORLANDIA,Orlândia,2014,5188.4,3626.8,3825.0,8650.0,3659.8488666409753
OURINHOS,Ourinhos,2014,4755.6,4321.4,4943.2,47600.0,5115.667684676258
PRESIDENTE PRUDENTE,Presidente Prudente,2014,4466.8,3260.9,3904.2,36370.0,4059.4799223378805
PRESIDENTE VENCESLAU,Presidente Venceslau,2014,3370.5,3620.6,3343.8,4210.0,3249.0705348777797
SOROCABA,Sorocaba,2014,4355.4,3253.3,3192.9,1819.0,4616.513472455184
SAO JOSE DO RIO PRETO,São José do Rio Preto,2014,4320.7,3406.7,3657.9,2230.3,3637.7850463622767
SAO JOAO DA BOA VISTA,São João da Boa Vista,2014,3638.7,4733.6,3058.4,3100.0,3707.8582834769695
ANDRADINA,Andradina,2015,5370.8,2119.7,5297.7,1775.0,4104.299596296312
ARARAQUARA,Araraquara,2015,5936.1,4098.1,3490.9,305.0,3578.490366081286
ARACATUBA,Araçatuba,2015,4641.2,3141.9,4118.9,17570.0,4073.7951281761048
ASSIS,Assis,2015,5050.9,4971.6,4201.4,118800.0,4075.8538398092037
AVARE,Avaré,2015,5140.1,5215.1,4773.9,18908.0,5044.0207730299035
BARRETOS,Barretos,2015,5145.0,4764.9,5323.8,14294.0,4533.478462288821
BOTUCATU,Botucatu,2015,3978.2,3554.9,3770.9,1277.0,3559.450165701369
CAMPINAS,Campinas,2015,3702.0,3725.3,3703.3,1000.0,3753.838018477624
FERNANDOPOLIS,Fernandópolis,2015,1942.9,1906.4,1377.5,630.0,2029.7861616296302
FRANCA,Franca,2015,4628.6,4572.3,4051.5,1820.0,5235.056990160647
GENERAL SALGADO,General Salgado,2015,4271.1,3141.5,4543.6,2110.0,4210.0706805125965
ITAPETININGA,Itapetininga,2015,4734.2,4364.5,4961.3,13500.0,4751.737820714283
ITAPEVA,Itapeva,2015,6077.5,4338.3,5268.0,44800.0,4648.154605330073
LIMEIRA,Limeira,2015,4497.5,3309.1,4556.6,2400.0,4458.940207174081
MOGI MIRIM,Mogi Mirim,2015,4931.0,3993.3,5802.5,1420.0,4357.243741105059
ORLANDIA,Orlândia,2015,5536.9,5188.4,3626.8,7930.0,4988.268075515469
OURINHOS,Ourinhos,2015,5031.5,4755.6,4321.4,49416.0,4752.104538747636
PRESIDENTE PRUDENTE,Presidente Prudente,2015,5449.1,4466.8,3260.9,31760.0,3512.6005939539823
PRESIDENTE VENCESLAU,Presidente Venceslau,2015,3894.4,3370.5,3620.6,6460.0,3460.8365084621473
SOROCABA,Sorocaba,2015,5191.3,4355.4,3253.3,4849.0,3589.330860717988
SAO JOSE DO RIO PRETO,São José do Rio Preto,2015,4421.0,4320.7,3406.7,2880.0,3806.5603050547893
SAO JOAO DA BOA VISTA,São João da Boa Vista,2015,5429.5,3638.7,4733.6,3050.0,4450.452232089129
ANDRADINA,Andradina,2016,2116.8,5370.8,2119.7,1820.0,3650.1124552003907
ARARAQUARA,Araraquara,2016,3821.1,5936.1,4098.1,1140.0,3742.0354293628066
ARACATUBA,Araçatuba,2016,3743.8,4641.2,3141.9,23727.3,4646.283681578805
ASSIS,Assis,2016,3174.1,5050.9,4971.6,127400.0,4179.892937957248
AVARE,Avaré,2016,4904.8,5140.1,5215.1,29330.0,5858.519932828178
BARRETOS,Barretos,2016,4317.1,5145.0,4764.9,15520.8,5434.890111179179
BOTUCATU,Botucatu,2016,3831.8,3978.2,3554.9,2110.0,4114.305251349286
CAMPINAS,Campinas,2016,3566.0,3702.0,3725.3,970.0,4043.416842680285
FERNANDOPOLIS,Fernandópolis,2016,2295.8,1942.9,1906.4,1016.0,1937.2589229982984
FRANCA,Franca,2016,4280.0,4628.6,4572.3,1500.0,4289.495007413882
GENERAL SALGADO,General Salgado,2016,2914.4,4271.1,3141.5,3460.94,4321.617432666435
ITAPETININGA,Itapetininga,2016,5518.0,4734.2,4364.5,21500.0,4981.108548268938
ITAPEVA,Itapeva,2016,4877.2,6077.5,4338.3,74460.0,5962.665885809618
LIMEIRA,Limeira,2016,3841.2,4497.5,3309.1,1042.0,4524.804792983685
MOGI MIRIM,Mogi Mirim,2016,4964.7,4931.0,3993.3,1530.0,4894.215129675815
ORLANDIA,Orlândia,2016,3148.1,5536.9,5188.4,7780.0,4753.314418207524
OURINHOS,Ourinhos,2016,3818.8,5031.5,4755.6,58840.0,5165.272989656699
PRESIDENTE PRUDENTE,Presidente Prudente,2016,3513.1,5449.1,4466.8,23060.0,4351.539658608959
PRESIDENTE VENCESLAU,Presidente Venceslau,2016,3788.0,3894.4,3370.5,4285.0,3687.0374261109755
SOROCABA,Sorocaba,2016,5407.5,5191.3,4355.4,5859.0,5513.823214483757
SAO JOSE DO RIO PRETO,São José do Rio Preto,2016,3151.8,4421.0,4320.7,4127.0,4549.608859549258
SAO JOAO DA BOA VISTA,São João da Boa Vista,2016,5625.3,5429.5,3638.7,2370.0,3793.943415103787
ANDRADINA,Andradina,2017,5219.0,2116.8,5370.8,2021.0,3482.377513061124
ARARAQUARA,Araraquara,2017,4014.9,3821.1,5936.1,1005.0,4641.371162714227
ARACATUBA,Araçatuba,2017,5293.7,3743.8,4641.2,25334.0,4503.2521268252685
ASSIS,Assis,2017,4855.5,3174.1,5050.9,135652.0,4846.680577320538
AVARE,Avaré,2017,6352.6,4904.8,5140.1,27125.0,4573.276098463966
BARRETOS,Barretos,2017,4536.4,4317.1,5145.0,15767.0,4967.480383049541
BOTUCATU,Botucatu,2017,3738.2,3831.8,3978.2,3690.0,4124.701671001308
CAMPINAS,Campinas,2017,4480.6,3566.0,3702.0,930.0,3581.975753225345
FERNANDOPOLIS,Fernandópolis,2017,2900.0,2295.8,1942.9,900.0,2454.553551602403
FRANCA,Franca,2017,5047.8,4280.0,4628.6,1840.0,4844.355036325659
GENERAL SALGADO,General Salgado,2017,4449.4,2914.4,4271.1,2688.0,3640.4370100067604
ITAPETININGA,Itapetininga,2017,6263.6,5518.0,4734.2,19800.0,3812.980120785259
ITAPEVA,Itapeva,2017,8006.6,4877.2,6077.5,78740.0,5164.778420409647
LIMEIRA,Limeira,2017,4064.0,3841.2,4497.5,1438.0,4333.752166743505
MOGI MIRIM,Mogi Mirim,2017,5202.7,4964.7,4931.0,1733.0,4395.306374008801
ORLANDIA,Orlândia,2017,3778.8,3148.1,5536.9,4430.0,4336.039679853378
OURINHOS,Ourinhos,2017,5534.2,3818.8,5031.5,61250.0,4910.011250651713
PRESIDENTE PRUDENTE,Presidente Prudente,2017,3992.9,3513.1,5449.1,23210.0,4986.180697184091
PRESIDENTE VENCESLAU,Presidente Venceslau,2017,2686.9,3788.0,3894.4,4130.0,3772.890303550125
SOROCABA,Sorocaba,2017,7682.9,5407.5,5191.3,4679.0,4731.156339283182
SAO JOSE DO RIO PRETO,São José do Rio Preto,2017,4835.0,3151.8,4421.0,4630.0,4324.340932978535
SAO JOAO DA BOA VISTA,São João da Boa Vista,2017,5387.3,5625.3,5429.5,2830.0,4848.577974932588
ANDRADINA,Andradina,2018,3814.7,5219.0,2116.8,988.0,3112.899258737199
ARARAQUARA,Araraquara,2018,4482.4,4014.9,3821.1,850.0,4112.24294402726
ARACATUBA,Araçatuba,2018,2222.0,5293.7,3743.8,23852.0,4415.566871364527
ASSIS,Assis,2018,2893.3,4855.5,3174.1,141040.0,4005.5561887639274
AVARE,Avaré,2018,4732.2,6352.6,4904.8,30450.0,5734.54155033663
BARRETOS,Barretos,2018,3892.7,4536.4,4317.1,17207.0,4932.086612259278
BOTUCATU,Botucatu,2018,3497.5,3738.2,3831.8,3714.6,3991.3880053228363
CAMPINAS,Campinas,2018,4412.1,4480.6,3566.0,962.0,3523.54809860832
FERNANDOPOLIS,Fernandópolis,2018,3438.0,2900.0,2295.8,948.0,2361.0591777003074
FRANCA,Franca,2018,6361.0,5047.8,4280.0,2310.0,4930.766828582402
GENERAL SALGADO,General Salgado,2018,4035.8,4449.4,2914.4,3335.29,3571.3272499857953
ITAPETININGA,Itapetininga,2018,5408.4,6263.6,5518.0,31205.0,5683.427763098152
ITAPEVA,Itapeva,2018,4199.2,8006.6,4877.2,90210.0,5647.809558628608
LIMEIRA,Limeira,2018,4338.2,4064.0,3841.2,621.0,3557.4209798283036
MOGI MIRIM,Mogi Mirim,2018,4552.4,5202.7,4964.7,1430.0,5281.571636122708
ORLANDIA,Orlândia,2018,3062.0,3778.8,3148.1,8080.0,4620.529249201105
OURINHOS,Ourinhos,2018,3525.5,5534.2,3818.8,65356.0,4095.236192109994
PRESIDENTE PRUDENTE,Presidente Prudente,2018,3678.5,3992.9,3513.1,42810.0,4890.5782984943935
PRESIDENTE VENCESLAU,Presidente Venceslau,2018,3130.4,2686.9,3788.0,6872.0,3446.3753581019796
SOROCABA,Sorocaba,2018,5828.0,7682.9,5407.5,3859.0,6019.209087614138
SAO JOSE DO RIO PRETO,São José do Rio Preto,2018,3011.8,4835.0,3151.8,4234.0,3579.636594774496
SAO JOAO DA BOA VISTA,São João da Boa Vista,2018,3919.8,5387.3,5625.3,3152.4,5067.647836484022
ANDRADINA,Andradina,2019,6705.6,3814.7,5219.0,1854.0,3856.668530191359
ARARAQUARA,Araraquara,2019,3782.7,4482.4,4014.9,2200.0,4400.301882399512
ARACATUBA,Araçatuba,2019,3653.2,2222.0,5293.7,25012.0,4245.637156565837
ASSIS,Assis,2019,5279.2,2893.3,4855.5,138435.0,3606.8744628217287
AVARE,Avaré,2019,5219.5,4732.2,6352.6,22560.0,5617.10509130183
BARRETOS,Barretos,2019,5752.2,3892.7,4536.4,17102.0,4283.324071279532
BOTUCATU,Botucatu,2019,3685.0,3497.5,3738.2,3792.6,3976.4926692318863
CAMPINAS,Campinas,2019,4556.2,4412.1,4480.6,1120.0,4571.502156991204
FERNANDOPOLIS,Fernandópolis,2019,3391.6,3438.0,2900.0,943.0,3581.5658084463876
FRANCA,Franca,2019,5543.7,6361.0,5047.8,1420.0,5759.639167106452
GENERAL SALGADO,General Salgado,2019,3599.1,4035.8,4449.4,3742.9,4339.277437860401
ITAPETININGA,Itapetininga,2019,5035.8,5408.4,6263.6,33495.0,5357.661879588212
ITAPEVA,Itapeva,2019,7109.3,4199.2,8006.6,68900.0,5402.2549693109695
LIMEIRA,Limeira,2019,4098.7,4338.2,4064.0,2761.0,4432.00995604575
MOGI MIRIM,Mogi Mirim,2019,5400.0,4552.4,5202.7,1100.0,4999.323540339812
ORLANDIA,Orlândia,2019,3726.4,3062.0,3778.8,4240.0,3689.275904728182
OURINHOS,Ourinhos,2019,5600.1,3525.5,5534.2,68287.0,4464.747752200666
PRESIDENTE PRUDENTE,Presidente Prudente,2019,4282.9,3678.5,3992.9,42960.0,3599.879374701586
PRESIDENTE VENCESLAU,Presidente Venceslau,2019,4270.0,3130.4,2686.9,5720.0,3127.1647145230954
SOROCABA,Sorocaba,2019,7114.1,5828.0,7682.9,7009.0,5859.510130085044
SAO JOSE DO RIO PRETO,São José do Rio Preto,2019,3983.6,3011.8,4835.0,3344.0,4002.0335970569067
SAO JOAO DA BOA VISTA,São João da Boa Vista,2019,4451.0,3919.8,5387.3,2630.0,5065.341640696
ANDRADINA,Andradina,2020,7146.3,6705.6,3814.7,2252.0,5643.183324265465
ARARAQUARA,Araraquara,2020,3511.3,3782.7,4482.4,4500.0,4349.345558898207
ARACATUBA,Araçatuba,2020,3746.2,3653.2,2222.0,23009.0,3765.0249477780253
ASSIS,Assis,2020,3770.7,5279.2,2893.3,127645.0,3670.30258108151
AVARE,Avaré,2020,4347.5,5219.5,4732.2,19980.0,4617.593469205525
BARRETOS,Barretos,2020,4675.5,5752.2,3892.7,16479.0,3130.4576816117283
BOTUCATU,Botucatu,2020,4377.3,3685.0,3497.5,3790.0,3836.751833344265
CAMPINAS,Campinas,2020,4221.4,4556.2,4412.1,840.0,4506.605607737804
FERNANDOPOLIS,Fernandópolis,2020,3143.8,3391.6,3438.0,1210.0,3664.963680128013
FRANCA,Franca,2020,4569.9,5543.7,6361.0,965.0,4785.870524187062
GENERAL SALGADO,General Salgado,2020,4110.5,3599.1,4035.8,3726.0,3863.147363150951
ITAPETININGA,Itapetininga,2020,4304.0,5035.8,5408.4,30910.0,4573.537966228333
ITAPEVA,Itapeva,2020,5958.7,7109.3,4199.2,66800.0,5342.964965965317
LIMEIRA,Limeira,2020,5095.6,4098.7,4338.2,2935.0,4446.360642681543
MOGI MIRIM,Mogi Mirim,2020,5676.9,5400.0,4552.4,1300.0,4648.558522702949
ORLANDIA,Orlândia,2020,4003.7,3726.4,3062.0,8070.0,3413.9519254138895
OURINHOS,Ourinhos,2020,3076.8,5600.1,3525.5,85000.0,4156.512124478765
PRESIDENTE PRUDENTE,Presidente Prudente,2020,4721.2,4282.9,3678.5,51330.0,3925.5011981385137
PRESIDENTE VENCESLAU,Presidente Venceslau,2020,4702.9,4270.0,3130.4,7206.0,3770.631570395118
SOROCABA,Sorocaba,2020,7225.7,7114.1,5828.0,5224.0,5465.1584320204065
SAO JOSE DO RIO PRETO,São José do Rio Preto,2020,3398.5,3983.6,3011.8,2707.0,3450.9013949273726
SAO JOAO DA BOA VISTA,São João da Boa Vista,2020,4609.6,4451.0,3919.8,2490.0,4627.381303011717
ANDRADINA,Andradina,2021,6253.3,7146.3,6705.6,2440.0,6628.692450713268
ARARAQUARA,Araraquara,2021,2262.9,3511.3,3782.7,3370.0,4272.207567930365
ARACATUBA,Araçatuba,2021,2472.7,3746.2,3653.2,20907.0,4284.400410612666
ASSIS,Assis,2021,2343.7,3770.7,5279.2,138695.0,4611.593549213402
AVARE,Avaré,2021,5200.5,4347.5,5219.5,18973.0,5553.11274130718
BARRETOS,Barretos,2021,2499.5,4675.5,5752.2,16753.0,4661.361563808548
BOTUCATU,Botucatu,2021,4087.6,4377.3,3685.0,3150.0,4369.54843352086
CAMPINAS,Campinas,2021,4956.5,4221.4,4556.2,1810.0,4878.308952519246
FERNANDOPOLIS,Fernandópolis,2021,2485.7,3143.8,3391.6,1400.0,3480.099311312223
FRANCA,Franca,2021,4484.6,4569.9,5543.7,2985.0,5742.479632508186
GENERAL SALGADO,General Salgado,2021,2623.4,4110.5,3599.1,3390.43,3846.416769703952
ITAPETININGA,Itapetininga,2021,4879.5,4304.0,5035.8,32725.0,5492.798074488254
ITAPEVA,Itapeva,2021,5141.2,5958.7,7109.3,70520.0,6464.964163719944
LIMEIRA,Limeira,2021,4649.7,5095.6,4098.7,2670.0,4086.909912990837
MOGI MIRIM,Mogi Mirim,2021,5369.3,5676.9,5400.0,1370.0,5013.348224341277
ORLANDIA,Orlândia,2021,2125.3,4003.7,3726.4,10690.0,3723.978998729298
OURINHOS,Ourinhos,2021,2416.8,3076.8,5600.1,72450.0,3682.2249503759745
PRESIDENTE PRUDENTE,Presidente Prudente,2021,2160.5,4721.2,4282.9,49870.0,4689.523828207132
PRESIDENTE VENCESLAU,Presidente Venceslau,2021,2133.3,4702.9,4270.0,7972.0,3835.3470994075137
SOROCABA,Sorocaba,2021,6672.2,7225.7,7114.1,7724.0,6273.629205784058
SAO JOSE DO RIO PRETO,São José do Rio Preto,2021,2238.3,3398.5,3983.6,1656.0,4038.4862504833363
SAO JOAO DA BOA VISTA,São João da Boa Vista,2021,6625.2,4609.6,4451.0,5470.0,4171.876300481806
ANDRADINA,Andradina,2022,7679.6,6253.3,7146.3,2105.0,5144.302644286929
ARARAQUARA,Araraquara,2022,4879.0,2262.9,3511.3,3340.0,2655.909544213865
ARACATUBA,Araçatuba,2022,3622.6,2472.7,3746.2,10309.0,2972.8569022884735
ASSIS,Assis,2022,4418.7,2343.7,3770.7,135185.0,4521.068085218338
AVARE,Avaré,2022,5252.8,5200.5,4347.5,29297.0,5396.500430813893
BARRETOS,Barretos,2022,4287.4,2499.5,4675.5,19460.0,3549.031141114407
BOTUCATU,Botucatu,2022,6033.9,4087.6,4377.3,4531.0,4293.879242579079
CAMPINAS,Campinas,2022,3803.8,4956.5,4221.4,1060.0,4539.858757033136
FERNANDOPOLIS,Fernandópolis,2022,3847.9,2485.7,3143.8,1461.0,2659.8946368544425
FRANCA,Franca,2022,4593.8,4484.6,4569.9,3680.0,5256.902240889112
GENERAL SALGADO,General Salgado,2022,4534.7,2623.4,4110.5,2983.2,3061.3687892567827
ITAPETININGA,Itapetininga,2022,4133.2,4879.5,4304.0,29150.0,4551.645666348139
ITAPEVA,Itapeva,2022,5041.0,5141.2,5958.7,52298.5,5567.996372414977
LIMEIRA,Limeira,2022,5604.3,4649.7,5095.6,4820.0,5172.312271983697
MOGI MIRIM,Mogi Mirim,2022,5243.1,5369.3,5676.9,1090.0,5103.76624925415
ORLANDIA,Orlândia,2022,4168.2,2125.3,4003.7,8500.0,3015.5135828169664
OURINHOS,Ourinhos,2022,4642.5,2416.8,3076.8,86400.0,3458.525553550546
PRESIDENTE PRUDENTE,Presidente Prudente,2022,3836.4,2160.5,4721.2,54260.0,4615.653123604923
PRESIDENTE VENCESLAU,Presidente Venceslau,2022,4341.9,2133.3,4702.9,8183.0,4086.361109922359
SOROCABA,Sorocaba,2022,5622.2,6672.2,7225.7,6663.0,6001.281313974644
SAO JOSE DO RIO PRETO,São José do Rio Preto,2022,3978.9,2238.3,3398.5,2130.0,3005.1978386315222
SAO JOAO DA BOA VISTA,São João da Boa Vista,2022,4684.1,6625.2,4609.6,2900.0,5842.914724615938
ANDRADINA,Andradina,2023,7347.9,7679.6,6253.3,1460.0,5964.937323516109
ARARAQUARA,Araraquara,2023,2305.3,4879.0,2262.9,2090.0,4277.127998933419
ARACATUBA,Araçatuba,2023,3754.8,3622.6,2472.7,6570.0,4100.249423151116
ASSIS,Assis,2023,5846.3,4418.7,2343.7,136492.0,4297.437566663114
AVARE,Avaré,2023,5556.6,5252.8,5200.5,15560.0,5251.049427225703
BARRETOS,Barretos,2023,4174.8,4287.4,2499.5,7870.0,4558.8747781347165
BOTUCATU,Botucatu,2023,3592.9,6033.9,4087.6,4407.0,4527.0661861185035
CAMPINAS,Campinas,2023,4364.2,3803.8,4956.5,2320.0,4874.0083853628075
FERNANDOPOLIS,Fernandópolis,2023,3494.7,3847.9,2485.7,1210.0,3389.494287549946
FRANCA,Franca,2023,4867.2,4593.8,4484.6,4482.0,4878.217374247749
GENERAL SALGADO,General Salgado,2023,3942.5,4534.7,2623.4,2782.0,3906.346127314138
ITAPETININGA,Itapetininga,2023,4414.1,4133.2,4879.5,15247.32,5163.4329633789375
ITAPEVA,Itapeva,2023,3273.6,5041.0,5141.2,66834.0,5058.708865248115
LIMEIRA,Limeira,2023,6857.4,5604.3,4649.7,6110.0,5563.463306290481
MOGI MIRIM,Mogi Mirim,2023,5025.0,5243.1,5369.3,800.0,4822.308477205526
ORLANDIA,Orlândia,2023,3909.1,4168.2,2125.3,8560.0,4385.190575509039
OURINHOS,Ourinhos,2023,5319.0,4642.5,2416.8,88880.0,4225.216324325202
PRESIDENTE PRUDENTE,Presidente Prudente,2023,4316.8,3836.4,2160.5,55940.0,4094.1647364922674
PRESIDENTE VENCESLAU,Presidente Venceslau,2023,5121.0,4341.9,2133.3,8515.0,4764.22722327291
SOROCABA,Sorocaba,2023,5119.3,5622.2,6672.2,5788.0,6352.851108578312
SAO JOSE DO RIO PRETO,São José do Rio Preto,2023,3939.9,3978.9,2238.3,2690.0,4123.961053443205
SAO JOAO DA BOA VISTA,São João da Boa Vista,2023,6820.8,4684.1,6625.2,8041.0,5600.942328161953
ANDRADINA,Andradina,2024,4714.3,7347.9,7679.6,840.0,6694.235775635984
ARARAQUARA,Araraquara,2024,1582.8,2305.3,4879.0,2680.0,2813.813982759954
ARACATUBA,Araçatuba,2024,2645.6,3754.8,3622.6,5444.7,3723.450794435095
ASSIS,Assis,2024,3283.3,5846.3,4418.7,134325.0,3995.0905832017797
AVARE,Avaré,2024,4735.7,5556.6,5252.8,15400.0,4320.107806256473
BARRETOS,Barretos,2024,3638.6,4174.8,4287.4,5869.5,3887.213811869062
BOTUCATU,Botucatu,2024,3145.8,3592.9,6033.9,4650.4,3919.0120619715076
CAMPINAS,Campinas,2024,5150.0,4364.2,3803.8,2100.0,3920.8704739612162
FERNANDOPOLIS,Fernandópolis,2024,3758.1,3494.7,3847.9,1304.0,3715.6101519638687
FRANCA,Franca,2024,4559.2,4867.2,4593.8,3190.0,4077.711428826823
GENERAL SALGADO,General Salgado,2024,3393.8,3942.5,4534.7,2596.0,4427.474362014971
ITAPETININGA,Itapetininga,2024,4331.2,4414.1,4133.2,12770.42,3338.8333452806687
ITAPEVA,Itapeva,2024,6842.5,3273.6,5041.0,48826.0,4200.186298897639
LIMEIRA,Limeira,2024,5723.2,6857.4,5604.3,5905.0,6162.570269322786
MOGI MIRIM,Mogi Mirim,2024,5014.3,5025.0,5243.1,1120.0,4917.172158941119
ORLANDIA,Orlândia,2024,3527.5,3909.1,4168.2,7450.0,3796.212029766164
OURINHOS,Ourinhos,2024,3316.6,5319.0,4642.5,87000.0,3918.6909357587842
PRESIDENTE PRUDENTE,Presidente Prudente,2024,3508.2,4316.8,3836.4,43680.0,4092.8790390181584
PRESIDENTE VENCESLAU,Presidente Venceslau,2024,4339.0,5121.0,4341.9,6803.0,4420.643591150271
SOROCABA,Sorocaba,2024,4748.3,5119.3,5622.2,4499.0,4765.193143373298
SAO JOSE DO RIO PRETO,São José do Rio Preto,2024,3000.0,3939.9,3978.9,1850.0,3723.7724152403302
SAO JOAO DA BOA VISTA,São João da Boa Vista,2024,6503.6,6820.8,4684.1,9650.0,5551.4677801942535
ANDRADINA,Andradina,2025,4624.0,4714.3,7347.9,1040.0,5895.412325876174
ARARAQUARA,Araraquara,2025,2741.4,1582.8,2305.3,2970.0,2666.864284790125
ARACATUBA,Araçatuba,2025,5008.3,2645.6,3754.8,1177.6,2931.1671701300543
ASSIS,Assis,2025,4365.3,3283.3,5846.3,127825.0,4283.921702679038
AVARE,Avaré,2025,5644.3,4735.7,5556.6,32740.0,4465.446387727941
BARRETOS,Barretos,2025,5503.1,3638.6,4174.8,3840.0,3047.4516880061105
BOTUCATU,Botucatu,2025,3162.6,3145.8,3592.9,4834.0,3027.9109990739175
CAMPINAS,Campinas,2025,4716.3,5150.0,4364.2,1863.0,4282.934968022729
FERNANDOPOLIS,Fernandópolis,2025,3970.6,3758.1,3494.7,1020.0,2932.914938072877
FRANCA,Franca,2025,5513.5,4559.2,4867.2,3250.0,4114.09390089009
GENERAL SALGADO,General Salgado,2025,4904.5,3393.8,3942.5,2625.0,3847.496672857944
ITAPETININGA,Itapetininga,2025,6282.5,4331.2,4414.1,20902.0,3122.2417464337595
ITAPEVA,Itapeva,2025,6243.1,6842.5,3273.6,60543.0,5072.441822577805
LIMEIRA,Limeira,2025,5476.3,5723.2,6857.4,5195.0,4814.882541109675
MOGI MIRIM,Mogi Mirim,2025,5715.5,5014.3,5025.0,2974.0,4143.359224971707
ORLANDIA,Orlândia,2025,4082.5,3527.5,3909.1,6330.0,3354.153051655284
OURINHOS,Ourinhos,2025,4884.5,3316.6,5319.0,77750.0,3639.468714368978
PRESIDENTE PRUDENTE,Presidente Prudente,2025,4978.6,3508.2,4316.8,38426.12,4002.83850255871
PRESIDENTE VENCESLAU,Presidente Venceslau,2025,4980.6,4339.0,5121.0,4792.0,4711.910649682422
SOROCABA,Sorocaba,2025,5897.5,4748.3,5119.3,5458.0,4877.067556565924
SAO JOSE DO RIO PRETO,São José do Rio Preto,2025,4471.9,3000.0,3939.9,1163.1,2772.2421780506215
SAO JOAO DA BOA VISTA,São João da Boa Vista,2025,7067.0,6503.6,6820.8,7400.0,5696.847393542212
